-- phpMyAdmin SQL Dump
-- version 4.8.4
-- https://www.phpmyadmin.net/
--
-- Host: 127.0.0.1:3306
-- Generation Time: Jan 10, 2022 at 09:26 AM
-- Server version: 5.7.24
-- PHP Version: 7.2.14

SET SQL_MODE = "NO_AUTO_VALUE_ON_ZERO";
SET AUTOCOMMIT = 0;
START TRANSACTION;
SET time_zone = "+00:00";


/*!40101 SET @OLD_CHARACTER_SET_CLIENT=@@CHARACTER_SET_CLIENT */;
/*!40101 SET @OLD_CHARACTER_SET_RESULTS=@@CHARACTER_SET_RESULTS */;
/*!40101 SET @OLD_COLLATION_CONNECTION=@@COLLATION_CONNECTION */;
/*!40101 SET NAMES utf8mb4 */;

--
-- Database: `govardhan`
--

-- --------------------------------------------------------

--
-- Table structure for table `auth_group`
--

DROP TABLE IF EXISTS `auth_group`;
CREATE TABLE IF NOT EXISTS `auth_group` (
  `id` int(11) NOT NULL AUTO_INCREMENT,
  `name` varchar(150) NOT NULL,
  PRIMARY KEY (`id`),
  UNIQUE KEY `name` (`name`)
) ENGINE=InnoDB DEFAULT CHARSET=latin1;

-- --------------------------------------------------------

--
-- Table structure for table `auth_group_permissions`
--

DROP TABLE IF EXISTS `auth_group_permissions`;
CREATE TABLE IF NOT EXISTS `auth_group_permissions` (
  `id` bigint(20) NOT NULL AUTO_INCREMENT,
  `group_id` int(11) NOT NULL,
  `permission_id` int(11) NOT NULL,
  PRIMARY KEY (`id`),
  UNIQUE KEY `auth_group_permissions_group_id_permission_id_0cd325b0_uniq` (`group_id`,`permission_id`),
  KEY `auth_group_permissio_permission_id_84c5c92e_fk_auth_perm` (`permission_id`)
) ENGINE=InnoDB DEFAULT CHARSET=latin1;

-- --------------------------------------------------------

--
-- Table structure for table `auth_permission`
--

DROP TABLE IF EXISTS `auth_permission`;
CREATE TABLE IF NOT EXISTS `auth_permission` (
  `id` int(11) NOT NULL AUTO_INCREMENT,
  `name` varchar(255) NOT NULL,
  `content_type_id` int(11) NOT NULL,
  `codename` varchar(100) NOT NULL,
  PRIMARY KEY (`id`),
  UNIQUE KEY `auth_permission_content_type_id_codename_01ab375a_uniq` (`content_type_id`,`codename`)
) ENGINE=InnoDB AUTO_INCREMENT=49 DEFAULT CHARSET=latin1;

--
-- Dumping data for table `auth_permission`
--

INSERT INTO `auth_permission` (`id`, `name`, `content_type_id`, `codename`) VALUES
(1, 'Can add log entry', 1, 'add_logentry'),
(2, 'Can change log entry', 1, 'change_logentry'),
(3, 'Can delete log entry', 1, 'delete_logentry'),
(4, 'Can view log entry', 1, 'view_logentry'),
(5, 'Can add permission', 2, 'add_permission'),
(6, 'Can change permission', 2, 'change_permission'),
(7, 'Can delete permission', 2, 'delete_permission'),
(8, 'Can view permission', 2, 'view_permission'),
(9, 'Can add group', 3, 'add_group'),
(10, 'Can change group', 3, 'change_group'),
(11, 'Can delete group', 3, 'delete_group'),
(12, 'Can view group', 3, 'view_group'),
(13, 'Can add user', 4, 'add_user'),
(14, 'Can change user', 4, 'change_user'),
(15, 'Can delete user', 4, 'delete_user'),
(16, 'Can view user', 4, 'view_user'),
(17, 'Can add content type', 5, 'add_contenttype'),
(18, 'Can change content type', 5, 'change_contenttype'),
(19, 'Can delete content type', 5, 'delete_contenttype'),
(20, 'Can view content type', 5, 'view_contenttype'),
(21, 'Can add session', 6, 'add_session'),
(22, 'Can change session', 6, 'change_session'),
(23, 'Can delete session', 6, 'delete_session'),
(24, 'Can view session', 6, 'view_session'),
(25, 'Can add course overview', 7, 'add_courseoverview'),
(26, 'Can change course overview', 7, 'change_courseoverview'),
(27, 'Can delete course overview', 7, 'delete_courseoverview'),
(28, 'Can view course overview', 7, 'view_courseoverview'),
(29, 'Can add courses', 8, 'add_courses'),
(30, 'Can change courses', 8, 'change_courses'),
(31, 'Can delete courses', 8, 'delete_courses'),
(32, 'Can view courses', 8, 'view_courses'),
(33, 'Can add courses category', 9, 'add_coursescategory'),
(34, 'Can change courses category', 9, 'change_coursescategory'),
(35, 'Can delete courses category', 9, 'delete_coursescategory'),
(36, 'Can view courses category', 9, 'view_coursescategory'),
(37, 'Can add course cover main topic', 10, 'add_coursecovermaintopic'),
(38, 'Can change course cover main topic', 10, 'change_coursecovermaintopic'),
(39, 'Can delete course cover main topic', 10, 'delete_coursecovermaintopic'),
(40, 'Can view course cover main topic', 10, 'view_coursecovermaintopic'),
(41, 'Can add course cover sub topic', 11, 'add_coursecoversubtopic'),
(42, 'Can change course cover sub topic', 11, 'change_coursecoversubtopic'),
(43, 'Can delete course cover sub topic', 11, 'delete_coursecoversubtopic'),
(44, 'Can view course cover sub topic', 11, 'view_coursecoversubtopic'),
(45, 'Can add career opportunities', 12, 'add_careeropportunities'),
(46, 'Can change career opportunities', 12, 'change_careeropportunities'),
(47, 'Can delete career opportunities', 12, 'delete_careeropportunities'),
(48, 'Can view career opportunities', 12, 'view_careeropportunities');

-- --------------------------------------------------------

--
-- Table structure for table `auth_user`
--

DROP TABLE IF EXISTS `auth_user`;
CREATE TABLE IF NOT EXISTS `auth_user` (
  `id` int(11) NOT NULL AUTO_INCREMENT,
  `password` varchar(128) NOT NULL,
  `last_login` datetime(6) DEFAULT NULL,
  `is_superuser` tinyint(1) NOT NULL,
  `username` varchar(150) NOT NULL,
  `first_name` varchar(150) NOT NULL,
  `last_name` varchar(150) NOT NULL,
  `email` varchar(254) NOT NULL,
  `is_staff` tinyint(1) NOT NULL,
  `is_active` tinyint(1) NOT NULL,
  `date_joined` datetime(6) NOT NULL,
  PRIMARY KEY (`id`),
  UNIQUE KEY `username` (`username`)
) ENGINE=InnoDB AUTO_INCREMENT=2 DEFAULT CHARSET=latin1;

--
-- Dumping data for table `auth_user`
--

INSERT INTO `auth_user` (`id`, `password`, `last_login`, `is_superuser`, `username`, `first_name`, `last_name`, `email`, `is_staff`, `is_active`, `date_joined`) VALUES
(1, 'pbkdf2_sha256$260000$DSIV8WSoOLNOAKjk8a2TB2$lxzytm5kemYxJegWB8CuxHEWTxG5C5iYEy5nlmaX0xE=', '2022-01-10 09:11:45.116406', 1, 'keval', '', '', 'kevalvavaliya@gmail.com', 1, 1, '2021-08-08 18:35:39.338273');

-- --------------------------------------------------------

--
-- Table structure for table `auth_user_groups`
--

DROP TABLE IF EXISTS `auth_user_groups`;
CREATE TABLE IF NOT EXISTS `auth_user_groups` (
  `id` bigint(20) NOT NULL AUTO_INCREMENT,
  `user_id` int(11) NOT NULL,
  `group_id` int(11) NOT NULL,
  PRIMARY KEY (`id`),
  UNIQUE KEY `auth_user_groups_user_id_group_id_94350c0c_uniq` (`user_id`,`group_id`),
  KEY `auth_user_groups_group_id_97559544_fk_auth_group_id` (`group_id`)
) ENGINE=InnoDB DEFAULT CHARSET=latin1;

-- --------------------------------------------------------

--
-- Table structure for table `auth_user_user_permissions`
--

DROP TABLE IF EXISTS `auth_user_user_permissions`;
CREATE TABLE IF NOT EXISTS `auth_user_user_permissions` (
  `id` bigint(20) NOT NULL AUTO_INCREMENT,
  `user_id` int(11) NOT NULL,
  `permission_id` int(11) NOT NULL,
  PRIMARY KEY (`id`),
  UNIQUE KEY `auth_user_user_permissions_user_id_permission_id_14a6b632_uniq` (`user_id`,`permission_id`),
  KEY `auth_user_user_permi_permission_id_1fbb5f2c_fk_auth_perm` (`permission_id`)
) ENGINE=InnoDB DEFAULT CHARSET=latin1;

-- --------------------------------------------------------

--
-- Table structure for table `batch-banner`
--

DROP TABLE IF EXISTS `batch-banner`;
CREATE TABLE IF NOT EXISTS `batch-banner` (
  `batch-image` mediumtext NOT NULL,
  `id` int(11) NOT NULL AUTO_INCREMENT,
  PRIMARY KEY (`id`)
) ENGINE=InnoDB AUTO_INCREMENT=3 DEFAULT CHARSET=latin1;

--
-- Dumping data for table `batch-banner`
--

INSERT INTO `batch-banner` (`batch-image`, `id`) VALUES
('images/gibanner_Lh4vBIJ.jpg', 1),
('images/gibanr.jpg', 2);

-- --------------------------------------------------------

--
-- Table structure for table `blogs`
--

DROP TABLE IF EXISTS `blogs`;
CREATE TABLE IF NOT EXISTS `blogs` (
  `blog_title` varchar(255) NOT NULL,
  `blog_description` varchar(255) NOT NULL,
  `blog_content` text NOT NULL,
  `blog_author` varchar(255) NOT NULL,
  `blog_date` date NOT NULL,
  `blog_image` text NOT NULL,
  PRIMARY KEY (`blog_title`)
) ENGINE=InnoDB DEFAULT CHARSET=latin1;

--
-- Dumping data for table `blogs`
--

INSERT INTO `blogs` (`blog_title`, `blog_description`, `blog_content`, `blog_author`, `blog_date`, `blog_image`) VALUES
('How screen reader user access web video', 'Many desktop publishing packages and web page editors now use Lorem Ipsum as their default model text, and a search for \'lorem ipsum\' will uncover many web sites still in their infancy. Various versions have evolved over the years,', 'Lorem ipsum dolor sit amet, consectetur adipiscing elit, sed do eiusmod tempor incididunt ut labore et dolore magna aliqua. Ut enim ad minim veniam, quis nostrud exercitation ullamco laboris nisi ut aliquip ex ea commodo consequat. Duis aute irure dolor in reprehenderit in voluptate velit esse cillum dolore eu fugiat nulla pariatur. Excepteur sint occaecat cupidatat non proident, sunt in culpa qui officia deserunt mollit anim id est laborum.Lorem ipsum dolor sit amet, consectetur adipiscing elit, sed do eiusmod tempor incididunt ut labore et dolore magna aliqua. Ut enim ad minim veniam, quis nostrud exercitation ullamco laboris nisi ut aliquip ex ea commodo consequat. Duis aute irure dolor in reprehenderit in voluptate velit esse cillum dolore eu fugiat nulla pariatur. Excepteur sint occaecat cupidatat non proident, sunt in culpa qui officia deserunt mollit anim id est laborum.Lorem ipsum dolor sit amet, consectetur adipiscing elit, sed do eiusmod tempor incididunt ut labore et dolore magna aliqua. Ut enim ad minim veniam, quis nostrud exercitation ullamco laboris nisi ut aliquip ex ea commodo consequat. Duis aute irure dolor in reprehenderit in voluptate velit esse cillum dolore eu fugiat nulla pariatur. Excepteur sint occaecat cupidatat non proident, sunt in culpa qui officia deserunt mollit anim id est laborum.', 'Andy Martin', '2021-09-04', 'images/blog2.jpg'),
('Lorem ipsum dolor sit amet, consectetur', 'dipiscing elit, sed do eiusmod tempor incididunt ut labore et dolore magna aliqua', 'Lorem ipsum dolor sit amet, consectetur adipiscing elit, sed do eiusmod tempor incididunt ut labore et dolore magna aliqua. Ut enim ad minim veniam, quis nostrud exercitation ullamco laboris nisi ut aliquip ex ea commodo consequat. Duis aute irure dolor in reprehenderit in voluptate velit esse cillum dolore eu fugiat nulla pariatur. Excepteur sint occaecat cupidatat non proident, sunt in culpa qui officia deserunt mollit anim id est laborum.Lorem ipsum dolor sit amet, consectetur adipiscing elit, sed do eiusmod tempor incididunt ut labore et dolore magna aliqua. Ut enim ad minim veniam, quis nostrud exercitation ullamco laboris nisi ut aliquip ex ea commodo consequat. Duis aute irure dolor in reprehenderit in voluptate velit esse cillum dolore eu fugiat nulla pariatur. Excepteur sint occaecat cupidatat non proident, sunt in culpa qui officia deserunt mollit anim id est laborum.', 'Jondy Ross', '2021-09-04', 'images/blog3.jpg'),
('Web Development Update React Hook', 'Contrary to popular belief, Lorem Ipsum is not simply random text. It has roots in a piece of classical Latin literature from 45 BC, making it over 2000 years old.', 'Contrary to popular belief, Lorem Ipsum is not simply random text. It has roots in a piece of classical Latin literature from 45 BC, making it over 2000 years old. Richard McClintock, a Latin professor at Hampden-Sydney College in Virginia, looked up one of the more obscure Latin wordsContrary to popular belief, Lorem Ipsum is not simply random text. It has roots in a piece of classical Latin literature from 45 BC, making it over 2000 years old. Richard McClintock, a Latin professor at Hampden-Sydney College in Virginia, looked up one of the more obscure Latin wordsContrary to popular belief, Lorem Ipsum is not simply random text. It has roots in a piece of classical Latin literature from 45 BC, making it over 2000 years old. Richard McClintock, a Latin professor at Hampden-Sydney College in Virginia, looked up one of the more obscure Latin words', 'John Ross', '2021-09-04', 'images/blog1.jpg');

-- --------------------------------------------------------

--
-- Table structure for table `career-opportunities`
--

DROP TABLE IF EXISTS `career-opportunities`;
CREATE TABLE IF NOT EXISTS `career-opportunities` (
  `career-opportunity` varchar(255) NOT NULL,
  `course` varchar(255) NOT NULL,
  PRIMARY KEY (`career-opportunity`),
  KEY `coursename` (`course`)
) ENGINE=InnoDB DEFAULT CHARSET=latin1;

--
-- Dumping data for table `career-opportunities`
--

INSERT INTO `career-opportunities` (`career-opportunity`, `course`) VALUES
('Basic knowldege of C', 'Flutter');

-- --------------------------------------------------------

--
-- Table structure for table `course-cover-main-topic`
--

DROP TABLE IF EXISTS `course-cover-main-topic`;
CREATE TABLE IF NOT EXISTS `course-cover-main-topic` (
  `topic_title` varchar(255) NOT NULL,
  `course` varchar(255) NOT NULL,
  `time` datetime NOT NULL DEFAULT CURRENT_TIMESTAMP,
  PRIMARY KEY (`topic_title`),
  KEY `course` (`course`)
) ENGINE=InnoDB DEFAULT CHARSET=latin1;

--
-- Dumping data for table `course-cover-main-topic`
--

INSERT INTO `course-cover-main-topic` (`topic_title`, `course`, `time`) VALUES
('Advanced UI', 'Android', '2021-12-31 04:10:01'),
('Android Overview and History', 'Android', '2021-12-31 03:55:57'),
('Android Service', 'Android', '2021-12-31 04:16:20'),
('Android Stack', 'Android', '2021-12-31 03:57:01'),
('Android System Overview', 'Android', '2021-12-31 04:09:08'),
('Android Telephony', 'Android', '2021-12-31 04:14:13'),
('Applet class\r\n', 'CORE JAVA', '2022-01-06 09:28:02'),
('Array\r\n', 'Data Structure', '2022-01-05 10:11:55'),
('Array in C\r\n', 'Programming In C', '2022-01-07 10:01:39'),
('Arrays\r\n', 'PHP', '2022-01-06 09:58:57'),
('Basic Android User Interface', 'Android', '2021-12-31 04:07:36'),
('Basic Concepts\r\n', 'CORE JAVA', '2022-01-06 09:27:06'),
('Basic Content Providers', 'Android', '2021-12-31 04:23:50'),
('Basic Syntax', 'Python Programming', '2021-12-16 07:16:15'),
('Bluetooth', 'Android', '2021-12-31 04:18:59'),
('Broadcast Receivers', 'Android', '2021-12-31 04:22:15'),
('CGI programming', 'Python Programming', '2021-12-16 07:22:00'),
('Class & Objects', 'Python Programming', '2021-12-16 07:21:38'),
('Class introduction\r\n', 'Programming In C++', '2022-01-05 09:32:16'),
('COCOS – 2D', 'Android', '2021-12-31 04:42:38'),
('Collection', 'Core Java', '2022-01-07 04:25:40'),
('Command line arguments\r\n', 'Programming In C', '2022-01-07 10:02:13'),
('Console based Project', 'Programming In C', '2022-01-07 10:02:17'),
('Console I/O streams\r\n', 'Programming In C++', '2022-01-05 09:33:31'),
('Constructor\r\n', 'Programming In C++', '2022-01-05 09:32:49'),
('Control statements in C\r\n', 'Programming In C', '2022-01-07 10:01:27'),
('Create an Application', 'Django Python Web Framework', '2021-12-06 03:44:28'),
('CSS 3\r\n', 'PHP', '2022-01-06 09:58:22'),
('Dart', 'Flutter', '2021-12-03 09:07:46'),
('Data structure in python', 'Python Programming', '2021-12-16 07:17:19'),
('Data types\r\n', 'Programming In C++', '2022-01-05 09:30:08'),
('Database access', 'Python Programming', '2021-12-16 07:22:13'),
('Database Programming\r\n', 'PHP', '2022-01-06 09:59:29'),
('Date and time', 'Python Programming', '2021-12-16 07:18:16'),
('Decision making statements in Python', 'Python Programming', '2021-12-16 07:16:42'),
('Define Function outside the class  using scope resolution operator\r\n', 'Programming In C++', '2022-01-05 09:32:29'),
('Destructor\r\n', 'Programming In C++', '2022-01-05 09:32:56'),
('Django Admin', 'Django Python Web Framework', '2021-12-16 07:12:51'),
('Django Template Language (DTL)', 'Django Python Web Framework', '2021-12-16 07:02:08'),
('Django Web Framework', 'Django Python Web Framework', '2021-12-06 03:29:45'),
('Django – Admin Interface', 'Django Python Web Framework', '2021-12-06 03:49:18'),
('Django – Cookies Handling', 'Django Python Web Framework', '2021-12-16 07:12:18'),
('Django – File Uploading', 'Django Python Web Framework', '2021-12-16 07:11:38'),
('Django – Form Processing', 'Django Python Web Framework', '2021-12-16 07:10:37'),
('Django – Models', 'Django Python Web Framework', '2021-12-16 07:08:04'),
('Django – Sending E-mails', 'Django Python Web Framework', '2021-12-16 07:09:30'),
('Django – URL Mapping', 'Django Python Web Framework', '2021-12-06 03:56:14'),
('Entity-Relationship Model\r\n', 'DBMS', '2022-01-06 09:45:28'),
('Event handling\r\n', 'CORE JAVA', '2022-01-06 09:28:33'),
('Exception Handling\r\n', 'CORE JAVA', '2022-01-06 09:27:33'),
('Exceptions and assertions', 'Python Programming', '2021-12-16 07:21:05'),
('Explain Pointer', 'Programming In C++', '2022-01-03 09:50:31'),
('Explain static keyword\r\n', 'Programming In C++', '2022-01-05 09:31:44'),
('Explore util package\r\n', 'CORE JAVA', '2022-01-06 09:28:15'),
('Expressions in c\r\n', 'Programming In C', '2022-01-07 10:01:15'),
('File handling\r\n', 'Programming In C', '2022-01-07 10:02:08'),
('File programming\r\n', 'PHP', '2022-01-06 09:59:34'),
('FILE STRUCTURES\r\n', 'Data Structure', '2022-01-05 10:12:48'),
('Flutter', 'Flutter', '2021-12-03 09:07:28'),
('Function\r\n', 'Programming In C', '2022-01-07 10:01:52'),
('Function Overloading\r\n', 'Programming In C++', '2022-01-05 09:32:04'),
('Function Prototype\r\n', 'Programming In C++', '2022-01-05 09:31:36'),
('Function with Default argument\r\n', 'Programming In C++', '2022-01-05 09:31:57'),
('Functions\r\n', 'PHP', '2022-01-06 09:58:46'),
('Functions, scoping and abstraction', 'Python Programming', '2021-12-16 07:18:27'),
('Generics\r\n', 'CORE JAVA', '2022-01-06 09:28:09'),
('Getting Started with Django', 'Django Python Web Framework', '2021-12-06 03:37:53'),
('Google Cloud Messaging [ GCM ]', 'Android', '2021-12-31 04:53:18'),
('Google Maps', 'Android', '2021-12-31 04:25:03'),
('Google Places', 'Android', '2021-12-31 04:30:04'),
('Graph\r\n', 'Data Structure', '2022-01-05 10:12:42'),
('Graphics Programing', 'Android', '2021-12-31 04:39:23'),
('GUI programming\r\n', 'CORE JAVA', '2022-01-06 09:28:27'),
('GUI programming using Tkinter,Turtle', 'Python Programming', '2021-12-16 07:22:41'),
('Hashing', 'Data Structure', '2022-01-05 10:12:55'),
('Hibernate', 'Core Java', '2022-01-07 04:25:30'),
('HTML 5\r\n', 'PHP', '2022-01-06 09:58:16'),
('I/O Programming in java\r\n', 'CORE JAVA', '2022-01-06 09:28:21'),
('Inheritance\r\n', 'Programming In C++', '2022-01-05 09:33:18'),
('Inheritance & interface\r\n', 'CORE JAVA', '2022-01-06 09:27:19'),
('Inline function\r\n', 'Programming In C++', '2022-01-05 09:31:51'),
('Input / output statements\r\n', 'Programming In C', '2022-01-07 10:01:08'),
('Introduction\r\n', 'CORE JAVA', '2022-01-06 09:26:59'),
('Introduction', 'Python Programming', '2021-12-16 07:16:05'),
('Introduction to C++', 'Programming In C++', '2022-01-03 09:25:53'),
('Introduction to Programming Language\r\n', 'Programming In C', '2022-01-07 10:01:01'),
('Introduction to web technology\r\n', 'PHP', '2022-01-06 09:58:10'),
('Introductory concepts of DBMS\r\n', 'DBMS', '2022-01-06 09:45:17'),
('Iteration in python', 'Python Programming', '2021-12-16 07:16:49'),
('J2EE Multi-tier Architecture', 'Core Java', '2022-01-07 04:24:37'),
('JAVA servlets', 'Core Java', '2022-01-07 04:24:47'),
('JavaScript	\r\n', 'PHP', '2022-01-06 09:58:28'),
('JDBC', 'Core Java', '2022-01-07 04:24:25'),
('JSON', 'Android', '2021-12-31 04:32:55'),
('JSP', 'Core Java', '2022-01-07 04:24:58'),
('Linked List\r\n', 'Data Structure', '2022-01-05 10:12:29'),
('Looping statements\r\n', 'Programming In C', '2022-01-07 10:01:33'),
('Main Building Blocks / Components', 'Android', '2021-12-31 04:00:48'),
('Matploit for data visualization', 'Python Programming', '2021-12-16 07:26:19'),
('Matrix\r\n', 'Data Structure', '2022-01-05 10:12:02'),
('Memory Management Operators\r\n', 'Programming In C++', '2022-01-03 09:57:57'),
('Modules and files', 'Python Programming', '2021-12-16 07:18:50'),
('Multimedia in Android', 'Android', '2021-12-31 04:12:54'),
('Multithreading', 'Python Programming', '2021-12-16 07:21:13'),
('MVC Pattern', 'Django Python Web Framework', '2021-12-06 03:32:15'),
('MySQL\r\n', 'PHP', '2022-01-06 09:58:34'),
('Networking in Java\r\n', 'CORE JAVA', '2022-01-06 09:28:38'),
('Networking in Python', 'Python Programming', '2021-12-16 07:21:27'),
('Notifications', 'Android', '2021-12-31 04:20:51'),
('Numbers', 'Python Programming', '2021-12-16 07:17:00'),
('NumPy for mathematical computing', 'Python Programming', '2021-12-16 07:22:51'),
('Object class\r\n', 'CORE JAVA', '2022-01-06 09:27:54'),
('Objects and Classes\r\n', 'CORE JAVA', '2022-01-06 09:27:13'),
('OOPS in PHP\r\n', 'PHP', '2022-01-06 09:59:10'),
('Operator in C++', 'Programming In C++', '2022-01-03 09:45:15'),
('Operator Overloading\r\n', 'Programming In C++', '2022-01-05 09:33:04'),
('Operators\r\n', 'Programming In C', '2022-01-07 10:01:21'),
('Operators in Python', 'Python Programming', '2021-12-16 07:16:33'),
('OPPs properties', 'Programming In C++', '2022-01-03 09:26:45'),
('Overview', 'Android', '2021-12-31 04:27:25'),
('Package\r\n', 'CORE JAVA', '2022-01-06 09:27:26'),
('PHP Basics\r\n', 'PHP', '2022-01-06 09:58:40'),
('PL/SQL block\r\n', 'DBMS', '2022-01-06 09:45:53'),
('Pointer\r\n', 'Programming In C', '2022-01-07 10:02:03'),
('Pointer, virtual Functions & Polymorphism\r\n', 'Programming In C++', '2022-01-05 09:33:24'),
('Queue\r\n', 'Data Structure', '2022-01-05 10:12:24'),
('Quick look at', 'Python Programming', '2021-12-16 07:27:07'),
('RDBMS concept\r\n', 'DBMS', '2022-01-06 09:45:23'),
('Recursion\r\n', 'Data Structure', '2022-01-05 10:12:16'),
('Reference variable\r\n', 'Programming In C++', '2022-01-05 09:31:19'),
('Reg expressions', 'Python Programming', '2021-12-16 07:21:50'),
('Relational Database Design\r\n', 'DBMS', '2022-01-06 09:45:34'),
('RMI', 'Core Java', '2022-01-07 04:25:09'),
('Sample Projects and Websites', 'Django Python Web Framework', '2021-12-16 07:15:03'),
('SciPy for Scientific computing', 'Python Programming', '2021-12-16 07:25:31'),
('Scope resolution operator', 'Programming In C++', '2022-01-05 09:31:28'),
('SDK Overview', 'Android', '2021-12-31 03:58:43'),
('Security\r\n', 'DBMS', '2022-01-06 09:45:46'),
('Sending email', 'Python Programming', '2021-12-16 07:22:31'),
('Sensors', 'Android', '2021-12-31 04:18:15'),
('Spring [ introduction ]', 'Core Java', '2022-01-07 04:25:20'),
('SQL\r\n', 'DBMS', '2022-01-06 09:45:40'),
('Stack\r\n', 'Data Structure', '2022-01-05 10:12:10'),
('Static files', 'Django Python Web Framework', '2021-12-16 07:13:50'),
('String\r\n', 'Programming In C', '2022-01-07 10:01:44'),
('String class\r\n', 'CORE JAVA', '2022-01-06 09:27:39'),
('Strings & Patterns\r\n', 'PHP', '2022-01-06 09:58:52'),
('Strings and input', 'Python Programming', '2021-12-16 07:17:10'),
('Structure , union and Enumeration\r\n', 'Programming In C++', '2022-01-05 09:32:11'),
('Structure and union\r\n', 'Programming In C', '2022-01-07 10:01:57'),
('Templates & Exception Handling', 'Programming In C++', '2022-01-05 09:33:43'),
('Testing and Debugging', 'Python Programming', '2021-12-16 07:20:17'),
('Thread\r\n', 'CORE JAVA', '2022-01-06 09:27:47'),
('Transaction Management\r\n', 'DBMS', '2022-01-06 09:45:58'),
('Tree\r\n', 'Data Structure', '2022-01-05 10:12:36'),
('Type Casting\r\n', 'Programming In C++', '2022-01-05 09:33:11'),
('Vibrator', 'Android', '2021-12-31 04:20:14'),
('Views Layer', 'Django Python Web Framework', '2021-12-06 03:51:25'),
('Visibility mode private, public protected\r\n', 'Programming In C++', '2022-01-05 09:32:42'),
('Volley Library', 'Android', '2021-12-31 04:54:56'),
('Web Features\r\n', 'PHP', '2022-01-06 09:59:05'),
('Web Services', 'Android', '2021-12-31 04:34:18'),
('WiFi Service', 'Android', '2021-12-31 04:17:29'),
('Working with Files\r\n', 'Programming In C++', '2022-01-05 09:33:37'),
('Working with Variables', 'Python Programming', '2021-12-16 07:16:24'),
('XML', 'Android', '2021-12-31 04:31:16'),
('XML processing', 'Python Programming', '2021-12-16 07:22:20'),
('zJUNIT', 'Android', '2021-12-31 04:49:12');

-- --------------------------------------------------------

--
-- Table structure for table `course-cover-sub-topic`
--

DROP TABLE IF EXISTS `course-cover-sub-topic`;
CREATE TABLE IF NOT EXISTS `course-cover-sub-topic` (
  `sub_topic_title` varchar(255) NOT NULL,
  `main_topic_title` varchar(255) NOT NULL,
  `course` varchar(255) NOT NULL,
  PRIMARY KEY (`sub_topic_title`),
  KEY `main_topic_title` (`main_topic_title`),
  KEY `course` (`course`)
) ENGINE=InnoDB DEFAULT CHARSET=latin1;

--
-- Dumping data for table `course-cover-sub-topic`
--

INSERT INTO `course-cover-sub-topic` (`sub_topic_title`, `main_topic_title`, `course`) VALUES
(' Array of objects', 'Visibility mode private, public protected\r\n', 'Programming In C++'),
(' Inherit the static function', 'Inheritance\r\n', 'Programming In C++'),
(' Use try , catch , throws in Exception handling\r\n', 'Templates & Exception Handling', 'Programming In C++'),
('. Indexing of arrays, data types, broadcasting of array math', 'NumPy for mathematical computing', 'Python Programming'),
('2-3 Tree', 'Tree\r\n', 'Data Structure'),
('A simple app from scratch', 'Flutter', 'Flutter'),
('About Notifications.', 'Notifications', 'Android'),
('Abstract class\r\n', 'Pointer, virtual Functions & Polymorphism\r\n', 'Programming In C++'),
('Abstract method & abstract class', 'Inheritance & interface\r\n', 'Core Java'),
('Access protection', 'Package\r\n', 'Core Java'),
('ACID property', 'Transaction Management\r\n', 'DBMS'),
('Activities', 'Main Building Blocks / Components', 'Android'),
('Activity , Run and Test.', 'Overview', 'Android'),
('Activity lifecycle.', 'Main Building Blocks / Components', 'Android'),
('Adapter classes', 'Event handling\r\n', 'Core Java'),
('Adapters.', 'Advanced UI', 'Android'),
('Adding icons to widgets', 'Flutter', 'Flutter'),
('Adding menus to window', 'GUI programming\r\n', 'Core Java'),
('Adding model objects using admin', 'Django Admin', 'Django Python Web Framework'),
('Adding models to admin', 'Django Admin', 'Django Python Web Framework'),
('Adding request headers.', 'Volley Library', 'Android'),
('Adding, changing, and removing content.', 'Basic Content Providers', 'Android'),
('Adjust layout file.', 'Overview', 'Android'),
('Advantages of JSON over XML.', 'JSON', 'Android'),
('Advantages of Web Services.', 'Web Services', 'Android'),
('Advantages of XML.', 'XML', 'Android'),
('Aggregate functions', 'MySQL\r\n', 'PHP'),
('alias name', 'SQL\r\n', 'DBMS'),
('and / or / not', 'SQL\r\n', 'DBMS'),
('Android automated testing', 'zJUNIT', 'Android'),
('Android emulator and Google Maps.', 'Google Maps', 'Android'),
('Android Graphics Components.', 'Graphics Programing', 'Android'),
('Android test projects and running tests.', 'zJUNIT', 'Android'),
('Android test projects.', 'zJUNIT', 'Android'),
('Android test strategy.', 'zJUNIT', 'Android'),
('Animation with the applet', 'Applet class\r\n', 'Core Java'),
('Any / all', 'SQL\r\n', 'DBMS'),
('Apache Spark', 'Quick look at', 'Python Programming'),
('API of MatplotLib, SubPlots', 'Matploit for data visualization', 'Python Programming'),
('App framework.', 'Android Stack', 'Android'),
('Applet class basics / architecture', 'Applet class\r\n', 'Core Java'),
('Applet display methods', 'Applet class\r\n', 'Core Java'),
('Apps.', 'Android Stack', 'Android'),
('Architecture of Web Service.', 'Web Services', 'Android'),
('Arguments', 'Functions\r\n', 'PHP'),
('Arithmetic operator', 'Operators\r\n', 'Programming In C'),
('Arithmetic operator (+,-,*,/,=,!=)', 'SQL\r\n', 'DBMS'),
('Array functions', 'Array\r\n', 'PHP'),
('Array in Java', 'Basic Concepts\r\n', 'Core Java'),
('Array Type', 'PL/SQL block\r\n', 'DBMS'),
('Array within the class', 'Visibility mode private, public protected\r\n', 'Programming In C++'),
('Assignment operator', 'Operators\r\n', 'Programming In C'),
('Associated arrays', 'Array\r\n', 'PHP'),
('Async Programming', 'Dart', 'Flutter'),
('Asynchronous Functions', 'Flutter', 'Flutter'),
('Audio Recording.', 'Multimedia in Android', 'Android'),
('Autocomplete Text View.', 'Advanced UI', 'Android'),
('AVL Tree', 'Tree\r\n', 'Data Structure'),
('B+ - Tree', 'Tree\r\n', 'Data Structure'),
('B-Tree', 'Tree\r\n', 'Data Structure'),
('Backgrounds and Borders', 'CSS 3\r\n', 'PHP'),
('Basic concept', 'Entity-Relationship Model\r\n', 'DBMS'),
('Basic of programming in Java', 'Introduction', 'Core Java'),
('Basic tags and attributes', 'HTML 5\r\n', 'PHP'),
('Basic view(displaying hello world)', 'Views Layer', 'Django Python Web Framework'),
('between operator', 'SQL\r\n', 'DBMS'),
('Bitwise operator', 'Operators\r\n', 'Programming In C'),
('Black-Box testing', 'Testing and Debugging', 'Python Programming'),
('Bound versus unbound services.', 'Android Service', 'Android'),
('Bounded generics', 'Generics\r\n', 'Core Java'),
('Bounded wildcard', 'Generics\r\n', 'Core Java'),
('Box Model', 'CSS 3\r\n', 'PHP'),
('Bridge Methods', 'Generics\r\n', 'Core Java'),
('Broadcast Receivers', 'Main Building Blocks / Components', 'Android'),
('BST', 'Tree\r\n', 'Data Structure'),
('Build a Places Search Query to select particular positions.', 'Google Places', 'Android'),
('Building on top of Numpy, cluster, linalg, signal, optimize, integrate, subpackages', 'SciPy for Scientific computing', 'Python Programming'),
('Building UI for performance.', 'Advanced UI', 'Android'),
('C++ stream & Stream Classes', 'Console I/O streams\r\n', 'Programming In C++'),
('C-URL Functions', 'PHP Basics\r\n', 'PHP'),
('Call by pointer', 'Reference variable\r\n', 'Programming In C++'),
('Call by reference variable', 'Reference variable\r\n', 'Programming In C++'),
('Call by value', 'Reference variable\r\n', 'Programming In C++'),
('Calls, Emails.', 'Android Telephony', 'Android'),
('Camera.', 'Multimedia in Android', 'Android'),
('Canvas.', 'Graphics Programing', 'Android'),
('Cascading of Cout , Cin', 'Introduction to C++', 'Programming In C++'),
('case when', 'SQL\r\n', 'DBMS'),
('CCDirector.', 'COCOS – 2D', 'Android'),
('CCLayer.', 'COCOS – 2D', 'Android'),
('CCMenus', 'COCOS – 2D', 'Android'),
('CCNode.', 'COCOS – 2D', 'Android'),
('CCSequence & CCRepeat actions.', 'COCOS – 2D', 'Android'),
('CCSprite', 'COCOS – 2D', 'Android'),
('Changing the GoogleView.', 'Google Maps', 'Android'),
('Checked and unchecked exception', 'Exception Handling\r\n', 'Core Java'),
('Circular Queue', 'Queue\r\n', 'Data Structure'),
('Class', 'OPPs properties', 'Programming In C++'),
('Class Program Practice', 'Visibility mode private, public protected\r\n', 'Programming In C++'),
('Class Template & Function template', 'Templates & Exception Handling', 'Programming In C++'),
('Client and Server', 'Introduction to web technology\r\n', 'PHP'),
('Co-relation and covariance', 'NumPy for mathematical computing', 'Python Programming'),
('Cocos-2D Actions( CCMoveTo , CCRotateTo, CCJumpTo, CCScale , CCOrbit , CCBlink , CCFadeIn/Out …..).', 'COCOS – 2D', 'Android'),
('COCOS-2D Components.', 'COCOS – 2D', 'Android'),
('Collision', 'Hashing', 'Data Structure'),
('command line arguments', 'Working with Files\r\n', 'Programming In C++'),
('Command line arguments in java', 'Basic Concepts\r\n', 'Core Java'),
('Comment Tag, Usage of templates', 'Django Template Language (DTL)', 'Django Python Web Framework'),
('Common UI components.', 'Basic Android User Interface', 'Android'),
('Communicating with Bluetooth.', 'Bluetooth', 'Android'),
('comparison of java and C++', 'Introduction', 'Core Java'),
('Complex UI components.', 'Advanced UI', 'Android'),
('Concrete class', 'Inheritance & interface\r\n', 'Core Java'),
('concurrent executions of transactions and related problems', 'Transaction Management\r\n', 'DBMS'),
('Conditional operator', 'Operators\r\n', 'Programming In C'),
('Conditional Statements', 'Dart', 'Flutter'),
('Conditional statements and Loops', 'JavaScript	\r\n', 'PHP'),
('Conducting Tests', 'Testing and Debugging', 'Python Programming'),
('Configure php.ini', 'PHP Basics\r\n', 'PHP'),
('Constraints of IS-A relationship', 'Entity-Relationship Model\r\n', 'DBMS'),
('Constraints with system table entry', 'SQL\r\n', 'DBMS'),
('Construct with inheritance', 'Inheritance & interface\r\n', 'Core Java'),
('Constructor without destructor', 'Destructor\r\n', 'Programming In C++'),
('Constructors', 'Objects and Classes\r\n', 'Core Java'),
('Constructors and destructors', 'OOPS in PHP\r\n', 'PHP'),
('Constructors and methods', 'String class\r\n', 'Core Java'),
('Constructors provided by the compiler default and copy', 'Destructor\r\n', 'Programming In C++'),
('Containers and their Role.', 'Flutter', 'Flutter'),
('Containership associability of the class', 'Visibility mode private, public protected\r\n', 'Programming In C++'),
('Content provider MIME types.', 'Basic Content Providers', 'Android'),
('Content Providers.', 'Main Building Blocks / Components', 'Android'),
('Control flow in exception', 'Exception Handling\r\n', 'Core Java'),
('Control Statements (selection, Looping)', 'Basic Concepts\r\n', 'Core Java'),
('Control Structures', 'PHP Basics\r\n', 'PHP'),
('Controlling local Bluetooth device.', 'Bluetooth', 'Android'),
('Controls Flow in Exceptions', 'Templates & Exception Handling', 'Programming In C++'),
('Conversion of General Trees To Binary Trees', 'Tree\r\n', 'Data Structure'),
('Cookies', 'Web Features\r\n', 'PHP'),
('Copy', 'Constructor\r\n', 'Programming In C++'),
('Create an AsyncTask to Fetch Place JSON Data in the Background.', 'Google Places', 'Android'),
('Create key for your application.', 'Overview', 'Android'),
('Create Project.', 'Overview', 'Android'),
('create user', 'Security\r\n', 'DBMS'),
('Create, Alter, Drop, Rename , Add column', 'SQL\r\n', 'DBMS'),
('Creating a Model', 'Django – Models', 'Django Python Web Framework'),
('Creating a test project & Running tests', 'zJUNIT', 'Android'),
('Creating Super User', 'Django Admin', 'Django Python Web Framework'),
('Creating the first Project', 'Getting Started with Django', 'Django Python Web Framework'),
('Creating the SHA-1 for your signature key', 'Overview', 'Android'),
('Creating Volley singleton class', 'Volley Library', 'Android'),
('Creating your first project.', 'SDK Overview', 'Android'),
('Creating your own exception sub classes', 'Exception Handling\r\n', 'Core Java'),
('Crispy forms in django', 'Django – Form Processing', 'Django Python Web Framework'),
('Crud operations using forms', 'Django – Form Processing', 'Django Python Web Framework'),
('Cursors', 'PL/SQL block\r\n', 'DBMS'),
('Custom Adapters.', 'Advanced UI', 'Android'),
('Dalvik.', 'Android Stack', 'Android'),
('Dart\'s Importance in Flutter', 'Flutter', 'Flutter'),
('Data abstraction ADT', 'OPPs properties', 'Programming In C++'),
('Data encapsulation', 'OPPs properties', 'Programming In C++'),
('Data hiding', 'OPPs properties', 'Programming In C++'),
('Data Science', 'Quick look at', 'Python Programming'),
('Data Structure', 'Dart', 'Flutter'),
('Data type conversion', 'JavaScript	\r\n', 'PHP'),
('Data types, Operators', 'Basic Concepts\r\n', 'Core Java'),
('Database', 'Introductory concepts of DBMS\r\n', 'DBMS'),
('Database Architecture', 'Introductory concepts of DBMS\r\n', 'DBMS'),
('Database components and Layer', 'Introductory concepts of DBMS\r\n', 'DBMS'),
('Database concept', 'Introductory concepts of DBMS\r\n', 'DBMS'),
('Database Model', 'Introductory concepts of DBMS\r\n', 'DBMS'),
('Database Recovery - Log based Recovery', 'Transaction Management\r\n', 'DBMS'),
('Database Setup', 'Getting Started with Django', 'Django Python Web Framework'),
('Database users and DBA', 'Introductory concepts of DBMS\r\n', 'DBMS'),
('datatype', 'SQL\r\n', 'DBMS'),
('Date & time', 'Explore util package\r\n', 'Core Java'),
('DCL concept', 'Security\r\n', 'DBMS'),
('Deadlock', 'Transaction Management\r\n', 'DBMS'),
('Deadlock detection', 'Transaction Management\r\n', 'DBMS'),
('Deadlock in thread', 'Thread\r\n', 'Core Java'),
('Deadlock Recovery', 'Transaction Management\r\n', 'DBMS'),
('Default Constructor', 'Constructor\r\n', 'Programming In C++'),
('Default Flutter App (UI only)', 'Flutter', 'Flutter'),
('Definitions and Concepts', 'Tree\r\n', 'Data Structure'),
('delete', 'Memory Management Operators\r\n', 'Programming In C++'),
('Dependency preservation', 'Relational Database Design\r\n', 'DBMS'),
('Design process', 'Entity-Relationship Model\r\n', 'DBMS'),
('Destructor without Constructor', 'Destructor\r\n', 'Programming In C++'),
('Detailed Explanation about WSDL , SOAP & UDDI.', 'Web Services', 'Android'),
('Dictionary', 'Data structure in python', 'Python Programming'),
('Difference between Macro & Inline Function', 'Inheritance\r\n', 'Programming In C++'),
('different types JSON Parsers [ simple json , Jackson , GSON ] to parse the JSON.', 'JSON', 'Android'),
('different types of entities & relationships', 'Entity-Relationship Model\r\n', 'DBMS'),
('Different Types of Requests.', 'Volley Library', 'Android'),
('dir function', 'Modules and files', 'Python Programming'),
('Discovering and bonding with Bluetooth Devices.', 'Bluetooth', 'Android'),
('Discretionary access control', 'Security\r\n', 'DBMS'),
('Displaying in cmd using querysets', 'Django Admin', 'Django Python Web Framework'),
('distinct', 'SQL\r\n', 'DBMS'),
('Django MVC – MVT Pattern', 'MVC Pattern', 'Django Python Web Framework'),
('Django – Apache Setup', 'Django – File Uploading', 'Django Python Web Framework'),
('Django – Comments', 'Django – Cookies Handling', 'Django Python Web Framework'),
('Django – Design Philosophies', 'Django Web Framework', 'Django Python Web Framework'),
('Django – Page Redirection', 'Django – Models', 'Django Python Web Framework'),
('Django – Sessions', 'Django – Cookies Handling', 'Django Python Web Framework'),
('DML and DDL', 'MySQL\r\n', 'PHP'),
('Do while loop', 'Looping statements\r\n', 'Programming In C'),
('Double Ended Queue', 'Queue\r\n', 'Data Structure'),
('Downloading / cloning Flutter SDK', 'Flutter', 'Flutter'),
('dual table', 'SQL\r\n', 'DBMS'),
('Dynamic', 'Constructor\r\n', 'Programming In C++'),
('Dynamic binding, casting objects, instanceof operator', 'Inheritance & interface\r\n', 'Core Java'),
('E-R diagram', 'Entity-Relationship Model\r\n', 'DBMS'),
('Elementary Graph', 'Graph\r\n', 'Data Structure'),
('Else if ladder', 'Control statements in C\r\n', 'Programming In C'),
('Email using JavaMailAPI.', 'Android Telephony', 'Android'),
('Embedded applet into web-page', 'Applet class\r\n', 'Core Java'),
('Enumerated arrays', 'Array\r\n', 'PHP'),
('Environment setup', 'Django Web Framework', 'Django Python Web Framework'),
('Erasure', 'Generics\r\n', 'Core Java'),
('Event classes & listeners', 'Event handling\r\n', 'Core Java'),
('Event-driver programming', 'Event handling\r\n', 'Core Java'),
('Exception & Errors', 'Templates & Exception Handling', 'Programming In C++'),
('Exception & Errors in java', 'Exception Handling\r\n', 'Core Java'),
('Exception handling', 'PL/SQL block\r\n', 'DBMS'),
('Exception – Handling fundamental', 'Exception Handling\r\n', 'Core Java'),
('EXISTS / NOT EXISTS', 'SQL\r\n', 'DBMS'),
('Explain Macro', 'Inline function\r\n', 'Programming In C++'),
('Expressions', 'Dart', 'Flutter'),
('Extended E-R features', 'Entity-Relationship Model\r\n', 'DBMS'),
('Extending base template', 'Django Template Language (DTL)', 'Django Python Web Framework'),
('External file inclusion:', 'Database Programming\r\n', 'PHP'),
('Extracting', 'Functions\r\n', 'PHP'),
('File class', 'I/O Programming in java\r\n', 'Core Java'),
('file modes, Input/output operations', 'Working with Files\r\n', 'Programming In C++'),
('File Operations', 'File programming\r\n', 'PHP'),
('File organization and access methods', 'FILE STRUCTURES\r\n', 'Data Structure'),
('File Stream Classes', 'Working with Files\r\n', 'Programming In C++'),
('File System', 'Android System Overview', 'Android'),
('File uploading and downloading', 'File programming\r\n', 'PHP'),
('Filters,Tags, Tag if, Tag for, Block and Extend Tags', 'Django Template Language (DTL)', 'Django Python Web Framework'),
('Final keyword', 'Inheritance & interface\r\n', 'Core Java'),
('For loop', 'Looping statements\r\n', 'Programming In C'),
('Form manipulation', 'JavaScript	\r\n', 'PHP'),
('Formatted I/O operations', 'Console I/O streams\r\n', 'Programming In C++'),
('Formatting', 'Functions\r\n', 'PHP'),
('Forms', 'Django – URL Mapping', 'Django Python Web Framework'),
('Forms in php', 'Web Features\r\n', 'PHP'),
('Fragments.', 'Advanced UI', 'Android'),
('Friend function', 'Operator Overloading\r\n', 'Programming In C++'),
('Function', 'Dart', 'Flutter'),
('Function dependency', 'Relational Database Design\r\n', 'DBMS'),
('Function in DBMS', 'PL/SQL block\r\n', 'DBMS'),
('Function Overloading with Function with Default arguments', 'Function Overloading\r\n', 'Programming In C++'),
('Functional views, class based views', 'Views Layer', 'Django Python Web Framework'),
('Functions', 'JavaScript	\r\n', 'PHP'),
('Gallery.', 'Advanced UI', 'Android'),
('Garbage collection & finalizer', 'Objects and Classes\r\n', 'Core Java'),
('GCM Architecture', 'Google Cloud Messaging [ GCM ]', 'Android'),
('GCM Client dependencies.', 'Google Cloud Messaging [ GCM ]', 'Android'),
('GCM components.', 'Google Cloud Messaging [ GCM ]', 'Android'),
('General Tree', 'Tree\r\n', 'Data Structure'),
('Generic class with multiple arguments', 'Generics\r\n', 'Core Java'),
('Generic method', 'Generics\r\n', 'Core Java'),
('Generic Pointer', 'Explain Pointer', 'Programming In C++'),
('Generic with inheritance', 'Generics\r\n', 'Core Java'),
('GET and POST data', 'Web Features\r\n', 'PHP'),
('Get Google Places API Access.', 'Google Places', 'Android'),
('Getting the Google Map key.', 'Google Maps', 'Android'),
('Google Maps Example.', 'Overview', 'Android'),
('Grant / Revoke command', 'Security\r\n', 'DBMS'),
('Graphics & animations.', 'Advanced UI', 'Android'),
('Graphics class', 'Applet class\r\n', 'Core Java'),
('group by', 'SQL\r\n', 'DBMS'),
('GUI Basics', 'GUI programming\r\n', 'Core Java'),
('GUI components – AWT', 'GUI programming\r\n', 'Core Java'),
('Hadoop', 'Quick look at', 'Python Programming'),
('Handling user events.', 'Basic Android User Interface', 'Android'),
('Handling User Input', 'Flutter', 'Flutter'),
('Handling Volley Cache.', 'Volley Library', 'Android'),
('HAS-A and IS-A relationship', 'Inheritance\r\n', 'Programming In C++'),
('Hashing Functions', 'Hashing', 'Data Structure'),
('having by', 'SQL\r\n', 'DBMS'),
('Hello World App.', 'SDK Overview', 'Android'),
('History of Django', 'Django Web Framework', 'Django Python Web Framework'),
('Hot Reload and Hot Restart, the tricks of the trade', 'Flutter', 'Flutter'),
('How it all get started.', 'Android Overview and History', 'Android'),
('How Sensors work.', 'Sensors', 'Android'),
('How to Call SOAP Web Service.', 'Web Services', 'Android'),
('How to develop GCM server application in java', 'Google Cloud Messaging [ GCM ]', 'Android'),
('How to develop the GCM Client application.', 'Google Cloud Messaging [ GCM ]', 'Android'),
('How to Different Shapes on Surface.', 'Graphics Programing', 'Android'),
('How to display animations.', 'Graphics Programing', 'Android'),
('How to draw different resources ( images , videos , text ….) on surface', 'Graphics Programing', 'Android'),
('How to find the distance between 2 points.', 'Overview', 'Android'),
('How to get Notification Service.', 'Notifications', 'Android'),
('How to get the GCM API Key.', 'Google Cloud Messaging [ GCM ]', 'Android'),
('How to get the Vibrator Service.', 'Vibrator', 'Android'),
('How to integrate GCM service into the SDK', 'Google Cloud Messaging [ GCM ]', 'Android'),
('How to place the places data on GoogleMaps.', 'Google Places', 'Android'),
('How to setup the Environment for COCOS-2D.', 'COCOS – 2D', 'Android'),
('How to setup the Environment.', 'Volley Library', 'Android'),
('How to test Android applications.', 'zJUNIT', 'Android'),
('How to track the location.', 'Overview', 'Android'),
('How to Vibrate the device.', 'Vibrator', 'Android'),
('HTML5 Audio', 'HTML 5\r\n', 'PHP'),
('HTML5 Canvas', 'HTML 5\r\n', 'PHP'),
('HTML5 Form Attributes', 'HTML 5\r\n', 'PHP'),
('HTML5 Form Elements', 'HTML 5\r\n', 'PHP'),
('HTML5 Input Types', 'HTML 5\r\n', 'PHP'),
('HTML5 New Elements', 'HTML 5\r\n', 'PHP'),
('HTML5 SVG', 'HTML 5\r\n', 'PHP'),
('HTML5 Video', 'HTML 5\r\n', 'PHP'),
('HTTP Headers', 'Web Features\r\n', 'PHP'),
('Identifiers, Literals, Variables', 'Basic Concepts\r\n', 'Core Java'),
('If else', 'Control statements in C\r\n', 'Programming In C'),
('Image Values and Replaced Content', 'CSS 3\r\n', 'PHP'),
('Images in java', 'GUI programming\r\n', 'Core Java'),
('Implementing a Service.', 'Android Service', 'Android'),
('Implementing broadcast receiver.', 'Broadcast Receivers', 'Android'),
('Importing images from assets', 'Flutter', 'Flutter'),
('Importing images from Network', 'Flutter', 'Flutter'),
('in-built function', 'SQL\r\n', 'DBMS'),
('Inbuilt to inbuilt', 'Type Casting\r\n', 'Programming In C++'),
('Inbuilt to user-define', 'Type Casting\r\n', 'Programming In C++'),
('Include, include_once, require, require_once', 'Database Programming\r\n', 'PHP'),
('Increment decrement operator', 'Operators\r\n', 'Programming In C'),
('Index', 'SQL\r\n', 'DBMS'),
('Indexing of arrays, data types, broadcasting of array math', 'NumPy for mathematical computing', 'Python Programming'),
('Inheritance', 'OPPs properties', 'Programming In C++'),
('Inheritance in php', 'OOPS in PHP\r\n', 'PHP'),
('initialization block', 'Objects and Classes\r\n', 'Core Java'),
('Initialization of matrix with diff types', 'Matrix\r\n', 'Data Structure'),
('InkWell and its importance.', 'Flutter', 'Flutter'),
('Insert, Update, Delete Queries', 'SQL\r\n', 'DBMS'),
('Install Google Play services.', 'Google Maps', 'Android'),
('Installing Flutter plugin within VS code', 'Flutter', 'Flutter'),
('Integrating the Project to sublime text', 'Getting Started with Django', 'Django Python Web Framework'),
('Intents', 'Main Building Blocks / Components', 'Android'),
('Inter thread communication', 'Thread\r\n', 'Core Java'),
('Interface', 'OOPS in PHP\r\n', 'PHP'),
('Interface in java', 'Inheritance & interface\r\n', 'Core Java'),
('Interface vs abstract class', 'Inheritance & interface\r\n', 'Core Java'),
('Interfaces', 'Package\r\n', 'Core Java'),
('Introducing SQLite.', 'Android Telephony', 'Android'),
('Introduction', 'Dart', 'Flutter'),
('Introduction & History', 'HTML 5\r\n', 'PHP'),
('Introduction in java', 'String class\r\n', 'Core Java'),
('Introduction to arrays and matrices', 'NumPy for mathematical computing', 'Python Programming'),
('Introduction to COCOS-2D.', 'COCOS – 2D', 'Android'),
('Introduction to database', 'MySQL\r\n', 'PHP'),
('Introduction to different 3rd party libraries for displaying graphics , animations and game development.', 'Graphics Programing', 'Android'),
('Introduction to Django', 'Django Web Framework', 'Django Python Web Framework'),
('Introduction to Flutter – The what’s and why’s', 'Flutter', 'Flutter'),
('Introduction to Google Cloud Messaging.', 'Google Cloud Messaging [ GCM ]', 'Android'),
('Introduction to Google Maps.', 'Google Maps', 'Android'),
('introduction to java', 'Introduction', 'Core Java'),
('Introduction to JavaScript', 'JavaScript	\r\n', 'PHP'),
('Introduction to JSON.', 'JSON', 'Android'),
('Introduction to LocationBased Services in Android.', 'Google Maps', 'Android'),
('Introduction to Packages', 'Package\r\n', 'Core Java'),
('Introduction to Scipy and its functions', 'SciPy for Scientific computing', 'Python Programming'),
('Introduction to Swing', 'GUI programming\r\n', 'Core Java'),
('Introduction to Web Service.', 'Web Services', 'Android'),
('Introduction to XML.', 'XML', 'Android'),
('Introduction Volley Library', 'Volley Library', 'Android'),
('Java Threads.', 'Graphics Programing', 'Android'),
('JAXB', 'XML', 'Android'),
('JAXP [ DOM , SAX ].', 'XML', 'Android'),
('Joins ( inner , left , right , full)', 'SQL\r\n', 'DBMS'),
('Jumping Statements (break, continue, return)', 'Basic Concepts\r\n', 'Core Java'),
('Keys', 'RDBMS concept\r\n', 'DBMS'),
('Lambda expressions', 'Functions, scoping and abstraction', 'Python Programming'),
('Language Constructs and Functions', 'PHP Basics\r\n', 'PHP'),
('Layout manager in JAVA', 'GUI programming\r\n', 'Core Java'),
('Layout resource.', 'SDK Overview', 'Android'),
('Libraries [String, Http Classes, Uri Class, DateTime Class]', 'Dart', 'Flutter'),
('LIKE - LIKE with escape – NOT LIKE escape \'\'\'', 'SQL\r\n', 'DBMS'),
('Linked List Representation of Graph', 'Graph\r\n', 'Data Structure'),
('Linking Models', 'Django – Models', 'Django Python Web Framework'),
('Linux kernel.', 'Android Stack', 'Android'),
('List', 'Data structure in python', 'Python Programming'),
('List of search options to get data (like airports, cafes …).', 'Google Places', 'Android'),
('List View.', 'Advanced UI', 'Android'),
('Listening to Sensor readings.', 'Sensors', 'Android'),
('ListView and ListTile.', 'Flutter', 'Flutter'),
('Loading css files into templates', 'Static files', 'Django Python Web Framework'),
('Loading js files into templates', 'Static files', 'Django Python Web Framework'),
('Local & Global Variable concept', 'Scope resolution operator', 'Programming In C++'),
('Logical operator', 'Operators\r\n', 'Programming In C'),
('Looping', 'Dart', 'Flutter'),
('Lossless and lossy decomposition', 'Relational Database Design\r\n', 'DBMS'),
('M-way Tree', 'Tree\r\n', 'Data Structure'),
('machine learning', 'Quick look at', 'Python Programming'),
('Managing active connections.', 'WiFi Service', 'Android'),
('Managing Bluetooth connections.', 'Bluetooth', 'Android'),
('Managing console &I/O operations', 'Console I/O streams\r\n', 'Programming In C++'),
('Managing output operations', 'Console I/O streams\r\n', 'Programming In C++'),
('Managing WiFi.', 'WiFi Service', 'Android'),
('Mandatory access control', 'Security\r\n', 'DBMS'),
('Manipulating Data (CRUD)', 'Django – Models', 'Django Python Web Framework'),
('MapFragment.', 'Google Maps', 'Android'),
('MapsView.', 'Google Maps', 'Android'),
('Markers.', 'Google Maps', 'Android'),
('Matching', 'Functions\r\n', 'PHP'),
('materialized view', 'SQL\r\n', 'DBMS'),
('Matrix programs', 'Matrix\r\n', 'Data Structure'),
('Matrix Representation Of Graph', 'Graph\r\n', 'Data Structure'),
('Media Player.', 'Multimedia in Android', 'Android'),
('Memory allocation of pointer\r\n', 'Explain Pointer', 'Programming In C++'),
('Menus and Dialogs.', 'Advanced UI', 'Android'),
('Message Passing System', 'OPPs properties', 'Programming In C++'),
('Metadata', 'Dart', 'Flutter'),
('Method overloading', 'OOPS in PHP\r\n', 'PHP'),
('Method overriding', 'Inheritance & interface\r\n', 'Core Java'),
('methods', 'Objects and Classes\r\n', 'Core Java'),
('Migrations', 'Django – Admin Interface', 'Django Python Web Framework'),
('Model fields', 'Create an Application', 'Django Python Web Framework'),
('Model Layer', 'Create an Application', 'Django Python Web Framework'),
('Monitoring and managing Internet connectivity.', 'WiFi Service', 'Android'),
('Multidimensional arrays', 'Array\r\n', 'PHP'),
('Multiple inheritance in java', 'Inheritance & interface\r\n', 'Core Java'),
('Multivalued dependency', 'Relational Database Design\r\n', 'DBMS'),
('MVC Architecture vs MVT Architecture', 'MVC Pattern', 'Django Python Web Framework'),
('MySQL datatypes', 'MySQL\r\n', 'PHP'),
('Mysql functions', 'Database Programming\r\n', 'PHP'),
('Naming rules', 'Package\r\n', 'Core Java'),
('Narrowing & widening', 'Objects and Classes\r\n', 'Core Java'),
('Native libraries.', 'Android Stack', 'Android'),
('Navigating through Navigation', 'Flutter', 'Flutter'),
('Nested class, Enum types', 'Objects and Classes\r\n', 'Core Java'),
('Nested if', 'Control statements in C\r\n', 'Programming In C'),
('new', 'Memory Management Operators\r\n', 'Programming In C++'),
('new operator', 'Objects and Classes\r\n', 'Core Java'),
('News website (BLOGs Forums)', 'Sample Projects and Websites', 'Django Python Web Framework'),
('Non-primitive', 'Data types\r\n', 'Programming In C++'),
('Normalization - 1NF, 2NF, 3NF, BCNF, 4NF, 5NF', 'Relational Database Design\r\n', 'DBMS'),
('not in / in operator', 'SQL\r\n', 'DBMS'),
('Notations', 'Stack\r\n', 'Data Structure'),
('Notifications.', 'Android System Overview', 'Android'),
('NULL value – IS NULL / IS NOT NULL', 'SQL\r\n', 'DBMS'),
('Object', 'OPPs properties', 'Programming In C++'),
('One tier architecture', 'Database Programming\r\n', 'PHP'),
('OOPs Concepts', 'Dart', 'Flutter'),
('OOPS concepts in php', 'OOPS in PHP\r\n', 'PHP'),
('Opening , Closing & Error Handling with files', 'Working with Files\r\n', 'Programming In C++'),
('Opening and closing a database.', 'Android Telephony', 'Android'),
('Operations', 'Graph\r\n', 'Data Structure'),
('Operator Function ', 'Operator Overloading\r\n', 'Programming In C++'),
('Operators', 'Dart', 'Flutter'),
('Operators in php', 'JavaScript	\r\n', 'PHP'),
('order by', 'SQL\r\n', 'DBMS'),
('Organizing Your URLs', 'Django – URL Mapping', 'Django Python Web Framework'),
('Overload Binary Operator', 'Operator Overloading\r\n', 'Programming In C++'),
('Overload Unary Operators\r\n', 'Operator Overloading\r\n', 'Programming In C++'),
('Overloading methods', 'Objects and Classes\r\n', 'Core Java'),
('Overriding Base Class Methods', 'Inheritance\r\n', 'Programming In C++'),
('Overview of services in Android.', 'Android Service', 'Android'),
('Overview of the stack.', 'Android Stack', 'Android'),
('Package', 'PL/SQL block\r\n', 'DBMS'),
('Paint class.', 'Graphics Programing', 'Android'),
('Pandas', 'Quick look at', 'Python Programming'),
('Parameterized Constructor', 'Constructor\r\n', 'Programming In C++'),
('Passing parameters to applets getparameter() method', 'Applet class\r\n', 'Core Java'),
('Pending Intent.', 'Notifications', 'Android'),
('PHP and MYSQL', 'Database Programming\r\n', 'PHP'),
('PHP classes and objects', 'OOPS in PHP\r\n', 'PHP'),
('Pixels, dp and sp.', 'Basic Android User Interface', 'Android'),
('PL/SQL block concept', 'PL/SQL block\r\n', 'DBMS'),
('PL/SQL conditional statements', 'PL/SQL block\r\n', 'DBMS'),
('Placing multiple position.', 'Overview', 'Android'),
('Platforms.', 'SDK Overview', 'Android'),
('Plotting graph and chart', 'Matploit for data visualization', 'Python Programming'),
('Pointer to objects ', 'Pointer, virtual Functions & Polymorphism\r\n', 'Programming In C++'),
('Polymorphism', 'OPPs properties', 'Programming In C++'),
('Polymorphism in java', 'Inheritance & interface\r\n', 'Core Java'),
('Pop vs oops', 'Introduction to C++', 'Programming In C++'),
('Preferences.', 'Android System Overview', 'Android'),
('Primitive', 'Data types\r\n', 'Programming In C++'),
('Priority Queue', 'Queue\r\n', 'Data Structure'),
('Procedure', 'PL/SQL block\r\n', 'DBMS'),
('Programs', 'Recursion\r\n', 'Data Structure'),
('Programs for Array', 'Array\r\n', 'Data Structure'),
('Protected Keyword', 'Inheritance\r\n', 'Programming In C++'),
('Purpose of DBMS', 'Introductory concepts of DBMS\r\n', 'DBMS'),
('Querysets', 'Create an Application', 'Django Python Web Framework'),
('Quoting', 'Functions\r\n', 'PHP'),
('Random access', 'FILE STRUCTURES\r\n', 'Data Structure'),
('Random access files', 'I/O Programming in java\r\n', 'Core Java'),
('Raw types', 'Generics\r\n', 'Core Java'),
('Reader/writer classes', 'I/O Programming in java\r\n', 'Core Java'),
('Reading and writing operations', 'FILE STRUCTURES\r\n', 'Data Structure'),
('Reduction of E-R database schema', 'Entity-Relationship Model\r\n', 'DBMS'),
('References', 'Functions\r\n', 'PHP'),
('Register with the Google APIs Console.', 'Overview', 'Android'),
('Relation', 'RDBMS concept\r\n', 'DBMS'),
('Relation Algebra syntax', 'RDBMS concept\r\n', 'DBMS'),
('Relational Algebra Queries', 'RDBMS concept\r\n', 'DBMS'),
('Relational Model', 'RDBMS concept\r\n', 'DBMS'),
('Relational operator', 'Operators\r\n', 'Programming In C'),
('Replacing', 'Functions\r\n', 'PHP'),
('Representation of binary tree', 'Tree\r\n', 'Data Structure'),
('Requirements', 'Linked List\r\n', 'Data Structure'),
('Resolution Techniques', 'Hashing', 'Data Structure'),
('Restrictions on generics', 'Generics\r\n', 'Core Java'),
('Return by reference ', 'Reference variable\r\n', 'Programming In C'),
('Returning the default Flutter App', 'Flutter', 'Flutter'),
('Returns', 'Functions\r\n', 'PHP'),
('Role of constructors in inheritance', 'Inheritance\r\n', 'Programming In C++'),
('Role of template layer in django', 'Django Template Language (DTL)', 'Django Python Web Framework'),
('Role of urls in djnago', 'Django – URL Mapping', 'Django Python Web Framework'),
('Role-based access control', 'Security\r\n', 'DBMS'),
('Rules for Function overloading', 'Function Overloading\r\n', 'Programming In C++'),
('Rules to write an XML.', 'XML', 'Android'),
('Runnable interface', 'Thread\r\n', 'Core Java'),
('Running the server', 'Getting Started with Django', 'Django Python Web Framework'),
('Running your app on Emulator.', 'SDK Overview', 'Android'),
('Sample Animations.', 'Graphics Programing', 'Android'),
('Sample Game using Graphic components.', 'Graphics Programing', 'Android'),
('Scanner class', 'Explore util package\r\n', 'Core Java'),
('Schedule', 'Transaction Management\r\n', 'DBMS'),
('Scikit', 'Quick look at', 'Python Programming'),
('Scipy with Bayers theorem', 'SciPy for Scientific computing', 'Python Programming'),
('Scope of variables', 'Basic Concepts\r\n', 'Core Java'),
('Scripting languages', 'Introduction to web technology\r\n', 'PHP'),
('Searching', 'Functions\r\n', 'PHP'),
('Searching for content', 'Basic Content Providers', 'Android'),
('Searching in DS', 'Array\r\n', 'Data Structure'),
('Selection components.', 'Advanced UI', 'Android'),
('Selectors', 'CSS 3\r\n', 'PHP'),
('Sending a Simple E-mail', 'Django – Sending E-mails', 'Django Python Web Framework'),
('Sending HTML E-mail', 'Django – Sending E-mails', 'Django Python Web Framework'),
('Sending HTML E-mail with Attachments', 'Django – Sending E-mails', 'Django Python Web Framework'),
('Sending Multiple Mails with send_mass_mail', 'Django – Sending E-mails', 'Django Python Web Framework'),
('Sending Parameters to Views', 'Django – URL Mapping', 'Django Python Web Framework'),
('sequence', 'SQL\r\n', 'DBMS'),
('Sequential approach', 'FILE STRUCTURES\r\n', 'Data Structure'),
('Serializability and testing od serializability', 'Transaction Management\r\n', 'DBMS'),
('Service lifecycle.', 'Android Service', 'Android'),
('Services', 'Main Building Blocks / Components', 'Android'),
('Sessions', 'Web Features\r\n', 'PHP'),
('set', 'Data structure in python', 'Python Programming'),
('set operators (Union / union all / intersect / minus)', 'SQL\r\n', 'DBMS'),
('set role', 'Security\r\n', 'DBMS'),
('Setting up Flutter', 'Flutter', 'Flutter'),
('Setting Up Your Project', 'Getting Started with Django', 'Django Python Web Framework'),
('Shortest path', 'Graph\r\n', 'Data Structure'),
('Simple class, fields, Access Modifiers', 'Objects and Classes\r\n', 'Core Java'),
('Simple generic example', 'Generics\r\n', 'Core Java'),
('Simple if', 'Control statements in C\r\n', 'Programming In C'),
('Simple Queue', 'Queue\r\n', 'Data Structure'),
('Simple View', 'Views Layer', 'Django Python Web Framework'),
('Skeleton', 'Applet class\r\n', 'Core Java'),
('Small game', 'Applet class\r\n', 'Core Java'),
('SMS.', 'Android Telephony', 'Android'),
('SOAP Based Web Service.', 'Web Services', 'Android'),
('solution to concurrency related problems and concurrency control techniques', 'Transaction Management\r\n', 'DBMS'),
('Solving the issues and Migrations', 'Getting Started with Django', 'Django Python Web Framework'),
('Sorting', 'Array\r\n', 'Data Structure'),
('Spanning Trees – MST', 'Graph\r\n', 'Data Structure'),
('Sparse Matrix', 'Matrix\r\n', 'Data Structure'),
('Special operator', 'Operators\r\n', 'Programming In C'),
('Spinner.', 'Advanced UI', 'Android'),
('SQL Database.', 'Android Telephony', 'Android'),
('SQL Languages : DDL, DML, DCL, TCL, DQL', 'SQL\r\n', 'DBMS'),
('SQLite Open Helper and creating a database.', 'Android Telephony', 'Android'),
('Standard deviation, conditional probability', 'NumPy for mathematical computing', 'Python Programming'),
('Standard modules – math', 'Modules and files', 'Python Programming'),
('Standard modules – sys', 'Modules and files', 'Python Programming'),
('Standard modules – time', 'Modules and files', 'Python Programming'),
('Starting the Admin Interface', 'Django – Admin Interface', 'Django Python Web Framework'),
('Starvation', 'Transaction Management\r\n', 'DBMS'),
('state if transactions', 'Transaction Management\r\n', 'DBMS'),
('Stateless and Statefull widgets – The concept', 'Flutter', 'Flutter'),
('Stateless vs Statefull widgets.', 'Flutter', 'Flutter'),
('Static generic method', 'Generics\r\n', 'Core Java'),
('static Import', 'Package\r\n', 'Core Java'),
('static keyword', 'Objects and Classes\r\n', 'Core Java'),
('Static method and properties', 'OOPS in PHP\r\n', 'PHP'),
('Stream classes', 'I/O Programming in java\r\n', 'Core Java'),
('StringBuffer class', 'String class\r\n', 'Core Java'),
('StringBuider class', 'String class\r\n', 'Core Java'),
('Structure of django framework', 'Create an Application', 'Django Python Web Framework'),
('Structure of Flutter project', 'Flutter', 'Flutter'),
('Structure of Relational Database', 'RDBMS concept\r\n', 'DBMS'),
('sub query / nested query and co-related sub-query', 'SQL\r\n', 'DBMS'),
('Sub query and join', 'MySQL\r\n', 'PHP'),
('Super and sub class', 'Inheritance & interface\r\n', 'Core Java'),
('Super keyword', 'Inheritance & interface\r\n', 'Core Java'),
('Surface Holder', 'Graphics Programing', 'Android'),
('Surface View.', 'Graphics Programing', 'Android'),
('Switch case', 'Control statements in C\r\n', 'Programming In C'),
('Synchronization', 'Thread\r\n', 'Core Java'),
('Syntax', 'PHP Basics\r\n', 'PHP'),
('Syntax & Structure of JSON.', 'JSON', 'Android'),
('System broadcasts and how to use them.', 'Broadcast Receivers', 'Android'),
('TCL command', 'Transaction Management\r\n', 'DBMS'),
('Techniques to control deadlock', 'Transaction Management\r\n', 'DBMS'),
('Templates layer', 'Django – URL Mapping', 'Django Python Web Framework'),
('Testing Java classes which use the Android.', 'zJUNIT', 'Android'),
('Testing preconditions.', 'zJUNIT', 'Android'),
('Testing standard Java classes.', 'zJUNIT', 'Android'),
('Text Effects', 'CSS 3\r\n', 'PHP'),
('The delegation model', 'Event handling\r\n', 'Core Java'),
('The manifest file.', 'SDK Overview', 'Android'),
('The Project Structure', 'Getting Started with Django', 'Django Python Web Framework'),
('The Render Function', 'Django – URL Mapping', 'Django Python Web Framework'),
('The symbol table', 'Hashing', 'Data Structure'),
('this keyword', 'Objects and Classes\r\n', 'Core Java'),
('Thread class', 'Thread\r\n', 'Core Java'),
('Thread model- Life cycle', 'Thread\r\n', 'Core Java'),
('Thread priorities', 'Thread\r\n', 'Core Java'),
('Threaded binary tree', 'Tree\r\n', 'Data Structure'),
('Three tier Architecture', 'Database Programming\r\n', 'PHP'),
('Tools & Versions.', 'SDK Overview', 'Android'),
('Tower of Honoi', 'Recursion\r\n', 'Data Structure'),
('Transaction management', 'Transaction Management\r\n', 'DBMS'),
('Trigger', 'PL/SQL block\r\n', 'DBMS'),
('truncate and delete command difference', 'SQL\r\n', 'DBMS'),
('Try-catch-throw', 'Exception Handling\r\n', 'PHP'),
('Tuple', 'Data structure in python', 'Python Programming'),
('Two tier Architecture', 'Database Programming\r\n', 'PHP'),
('Type Import', 'Package\r\n', 'Core Java'),
('Types of array : 1-D, 2-D and M-D', 'Array\r\n', 'Data Structure'),
('Types of inheritance in C++', 'Inheritance\r\n', 'Programming In C++'),
('Types of Linked List', 'Linked List\r\n', 'Data Structure'),
('Types of pointer\r\n', 'Explain Pointer', 'Programming In C++'),
('Types of the Operators', 'Operator Overloading\r\n', 'Programming In C++'),
('Types of Web Services.', 'Web Services', 'Android'),
('Understanding rows and column', 'Flutter', 'Flutter'),
('Understanding threads / need of mullti-threading', 'Thread\r\n', 'Core Java'),
('Unformatted I/O operation', 'Console I/O streams\r\n', 'Programming In C++'),
('Update, paint, repaint method', 'Applet class\r\n', 'Core Java'),
('Updating Files : Random access', 'Working with Files\r\n', 'Programming In C++'),
('Uploading an Image', 'Django – File Uploading', 'Django Python Web Framework'),
('Uploading image using models', 'Static files', 'Django Python Web Framework'),
('Usage of forms', 'Django – Form Processing', 'Django Python Web Framework'),
('Use and benefits of Inheritance in C++ reusability', 'Inheritance\r\n', 'Programming In C++'),
('Use of try, catch, throw, throws, finally', 'Exception Handling\r\n', 'Core Java'),
('User authentication', 'Static files', 'Django Python Web Framework'),
('User define to inbuilt', 'Type Casting\r\n', 'Programming In C++'),
('User define to user define', 'Type Casting\r\n', 'Programming In C++'),
('User Interface', 'Flutter', 'Flutter'),
('User interface tests.', 'zJUNIT', 'Android'),
('Using admin in Django', 'Django Admin', 'Django Python Web Framework'),
('Using Form in a View', 'Django – Form Processing', 'Django Python Web Framework'),
('Utility methods of the array', 'Explore util package\r\n', 'Core Java'),
('Validation', 'JavaScript	\r\n', 'PHP'),
('Variable Scope', 'Functions\r\n', 'PHP'),
('Variables', 'Dart', 'Flutter'),
('Variables in php', 'JavaScript	\r\n', 'PHP'),
('Various aspects of line, scatter, bar, histogram, 3D', 'Matploit for data visualization', 'Python Programming'),
('Video Recording.', 'Multimedia in Android', 'Android'),
('Video View.', 'Multimedia in Android', 'Android'),
('View', 'SQL\r\n', 'DBMS'),
('Views and layouts.', 'Basic Android User Interface', 'Android'),
('Virtual Base class multipath inheritance', 'Inheritance\r\n', 'Programming In C++'),
('Virtual function & pure virtual functions', 'Pointer, virtual Functions & Polymorphism\r\n', 'Programming In C++'),
('Volley Library Advantages.', 'Volley Library', 'Android'),
('Volley Library Components.', 'Volley Library', 'Android'),
('Web application', 'Introduction to web technology\r\n', 'PHP'),
('Web Server', 'Django Web Framework', 'Django Python Web Framework'),
('Web Service Components.', 'Web Services', 'Android'),
('Web View.', 'Advanced UI', 'Android'),
('Web-Server', 'Introduction to web technology\r\n', 'PHP'),
('week entity set', 'Entity-Relationship Model\r\n', 'DBMS'),
('What are Broadcast Receivers.', 'Broadcast Receivers', 'Android'),
('What are models', 'Create an Application', 'Django Python Web Framework'),
('What are the disadvantages with SOAP', 'Web Services', 'Android'),
('What are the problems with built in graphics components.', 'Graphics Programing', 'Android'),
('What Django Follows', 'Create an Application', 'Django Python Web Framework'),
('What is a Framework', 'Django Web Framework', 'Django Python Web Framework'),
('What is array', 'Array\r\n', 'Data Structure'),
('What is Linked List', 'Linked List\r\n', 'Data Structure'),
('What is Stack', 'Stack\r\n', 'Data Structure'),
('What to test on Android applications.', 'zJUNIT', 'Android'),
('Which tests require an Android system to run?', 'zJUNIT', 'Android'),
('While loop', 'Looping statements\r\n', 'Programming In C'),
('White-Box testing', 'Testing and Debugging', 'Python Programming'),
('Why Android is different.', 'Android Overview and History', 'Android'),
('Why django and Features', 'Django Web Framework', 'Django Python Web Framework'),
('Why is JSON is preferred for mobile applications.', 'JSON', 'Android'),
('Why SOAP is not preferred for mobile Applications ?', 'Web Services', 'Android'),
('Widget', 'Flutter', 'Flutter'),
('Wildcard arguments', 'Generics\r\n', 'Core Java'),
('with clause', 'SQL\r\n', 'DBMS'),
('Working urls', 'Django – URL Mapping', 'Django Python Web Framework'),
('working with array using new operator', 'Memory Management Operators\r\n', 'Programming In C++'),
('Working with content files.', 'Basic Content Providers', 'Android'),
('Working with cursors Inserts,Updates and Deletes.', 'Android Telephony', 'Android'),
('Working with Directories', 'File programming\r\n', 'PHP'),
('Working with Remote Data', 'Flutter', 'Flutter'),
('Working with REST.', 'Web Services', 'Android'),
('Wrapper class', 'Objects and Classes\r\n', 'Core Java'),
('XAMPP', 'PHP Basics\r\n', 'PHP'),
('XML Parsers.', 'XML', 'Android'),
('XML versus Java UI.', 'Basic Android User Interface', 'Android'),
('XSD & DTD’s.', 'XML', 'Android');

-- --------------------------------------------------------

--
-- Table structure for table `course-overview`
--

DROP TABLE IF EXISTS `course-overview`;
CREATE TABLE IF NOT EXISTS `course-overview` (
  `overview_title` varchar(255) NOT NULL,
  `overview_content` mediumtext NOT NULL,
  `course_name` varchar(255) NOT NULL,
  PRIMARY KEY (`overview_title`),
  KEY `course_name` (`course_name`)
) ENGINE=InnoDB DEFAULT CHARSET=latin1;

--
-- Dumping data for table `course-overview`
--

INSERT INTO `course-overview` (`overview_title`, `overview_content`, `course_name`) VALUES
('Advance Java', 'Advance Java', 'Advance Java'),
('Android', 'Android', 'Android'),
('C++', 'C++', 'Programming In C++'),
('Data analytics with python', 'Data analytics with python', 'Data analytics with python'),
('Data Science', 'Data Science', 'Data Science'),
('Data Structure', 'Data Structure', 'Data Structure'),
('Database Management System', 'Database Management System', 'DBMS'),
('DBMS', 'DBMS', 'DBMS'),
('Django python web framework', 'this is python web framework', 'Django Python Web Framework'),
('Flutter Overview', 'Flutter mobile application', 'Flutter'),
('Machine Learning', 'Machine Learning', 'Machine Learning'),
('PHP', 'PHP', 'PHP'),
('Python Programming', 'Python Programming', 'Python Programming'),
('What is c programming?', 'It is a long established fact that a reader will be distracted by the readable content of a page when looking at its layout. The point of using Lorem Ipsum is that it has a more-or-less normal distribution of letters, as opposed to using \\\'Content here, content here\\\', making it look like readable English. Many desktop publishing packages and web page editors now use Lorem Ipsum as their default model text, and a search for \\\'lorem ipsum\\\' will uncover many web sites still in their infancy. Various versions have evolved over the years, sometimes by accident, sometimes on purpose (injected humour and the like). It is a long established fact that a reader will be distracted by the readable content of a page when looking at its layout. The point of using Lorem Ipsum is that it has a more-or-less normal distribution of letters, as opposed to using \\\'Content here, content here\\\', making it look like readable English. Many desktop publishing packages and web page editors now use Lorem Ipsum as their default model text, and a search for \\\'lorem ipsum\\\' will uncover many web sites still in their infancy. Various versions have evolved over the years, sometimes by accident, sometimes on purpose (injected humour and the like).', 'Programming In C'),
('What is C++ programming?', 'It is a long established fact that a reader will be distracted by the readable content of a page when looking at its layout. The point of using Lorem Ipsum is that it has a more-or-less normal distribution of letters, as opposed to using \\\'Content here, content here\\\', making it look like readable English. Many desktop publishing packages and web page editors now use Lorem Ipsum as their default model text, and a search for \\\'lorem ipsum\\\' will uncover many web sites still in their infancy. Various versions have evolved over the years, sometimes by accident, sometimes on purpose (injected humour and the like).', 'Programming In C++'),
('What is java programming?', 'It is a long established fact that a reader will be distracted by the readable content of a page when looking at its layout. The point of using Lorem Ipsum is that it has a more-or-less normal distribution of letters, as opposed to using \\\'Content here, content here\\\', making it look like readable English. Many desktop publishing packages and web page editors now use Lorem Ipsum as their default model text, and a search for \\\'lorem ipsum\\\' will uncover many web sites still in their infancy. Various versions have evolved over the years, sometimes by accident, sometimes on purpose (injected humour and the like).\\r\\n\\r\\nIt is a long established fact that a reader will be distracted by the readable content of a page when looking at its layout. The point of using Lorem Ipsum is that it has a more-or-less normal distribution of letters, as opposed to using \\\'Content here, content here\\\', making it look like readable English. Many desktop publishing packages and web page editors now use Lorem Ipsum as their default model text, and a search for \\\'lorem ipsum\\\' will uncover many web sites still in their infancy. Various versions have evolved over the years, sometimes by accident, sometimes on purpose (injected humour and the like).', 'Core Java');

-- --------------------------------------------------------

--
-- Table structure for table `courses`
--

DROP TABLE IF EXISTS `courses`;
CREATE TABLE IF NOT EXISTS `courses` (
  `course_name` varchar(255) NOT NULL,
  `course_cat` varchar(255) NOT NULL,
  `course_headline` varchar(225) NOT NULL,
  `course_image` mediumtext NOT NULL,
  `course_duration` varchar(255) NOT NULL,
  `lecture_duration` varchar(255) NOT NULL,
  `job_opportunity` varchar(255) NOT NULL,
  `popular` tinyint(1) NOT NULL,
  `footer` tinyint(1) NOT NULL,
  `syllabus` text,
  PRIMARY KEY (`course_name`),
  KEY `course_cat` (`course_cat`)
) ENGINE=InnoDB DEFAULT CHARSET=latin1;

--
-- Dumping data for table `courses`
--

INSERT INTO `courses` (`course_name`, `course_cat`, `course_headline`, `course_image`, `course_duration`, `lecture_duration`, `job_opportunity`, `popular`, `footer`, `syllabus`) VALUES
('Advance Java', 'Web Application', 'Advance Java', 'images/Java_5ABbHZ8.png', '8 Months', '2 hr/day', 'no', 0, 0, NULL),
('Android', 'Mobile Application', 'Android', 'images/android.png', '6 Months', '2 hr/day', 'yes', 0, 0, NULL),
('Core Java', 'Programming Language', 'Core Java', 'images/Java_IomfGnd.png', '6 Months', '2 hr/day', 'no', 0, 1, NULL),
('Data analytics with python', 'Data Structure', 'Data analytics with python', 'images/python_Y5W2D8B.png', '6 Months', '2 hr/day', 'no', 0, 0, NULL),
('Data Science', 'Programming Language', 'Data Science', 'images/datas.png', '6 Months', '2 hr/day', 'no', 0, 0, NULL),
('Data Structure', 'Data Structure', 'Data Structure', 'images/ds.png', '8 Months', '2 hr/day', 'no', 1, 0, NULL),
('DBMS', 'DataBase', 'Data Base Management System', 'images/dbms.png', '6 Months', '2 hr/day', 'no', 0, 0, NULL),
('Django Python Web Framework', 'Web Application', 'Django Python Web Framework', 'images/python_zH6IpS7.png', '8 Months', '2 hr/day', 'no', 0, 0, NULL),
('Flutter', 'Mobile Application', 'Flutter', 'images/flutter.png', '6 Months', '2 hr/day', 'yes', 1, 0, NULL),
('Machine Learning', 'Data Structure', 'Machine Learning', 'images/ML_baSlv2U.png', '8 Months', '2 hr/day', 'no', 0, 1, NULL),
('PHP', 'Web Application', 'PHP', 'images/php.png', '6 Months', '2 hr/day', 'yes', 0, 0, NULL),
('Programming In C', 'Programming Language', 'Programming In C', 'images/c_8niQHqf.png', '6 Months', '2 hr/day', 'no', 0, 1, NULL),
('Programming In C++', 'Programming Language', 'Programming In C++', 'images/c_.png', '8 Months', '2 hr/day', 'no', 0, 0, NULL),
('Python Programming', 'Programming Language', 'Python Programming', 'images/python_T9tEECa.png', '6 Months', '2 hr/day', 'yes', 1, 1, NULL);

-- --------------------------------------------------------

--
-- Table structure for table `courses_category`
--

DROP TABLE IF EXISTS `courses_category`;
CREATE TABLE IF NOT EXISTS `courses_category` (
  `category_name` varchar(255) NOT NULL,
  PRIMARY KEY (`category_name`)
) ENGINE=InnoDB DEFAULT CHARSET=latin1;

--
-- Dumping data for table `courses_category`
--

INSERT INTO `courses_category` (`category_name`) VALUES
('Data Structure'),
('DataBase'),
('Mobile Application'),
('Programming Language'),
('Web Application');

-- --------------------------------------------------------

--
-- Table structure for table `django_admin_log`
--

DROP TABLE IF EXISTS `django_admin_log`;
CREATE TABLE IF NOT EXISTS `django_admin_log` (
  `id` int(11) NOT NULL AUTO_INCREMENT,
  `action_time` datetime(6) NOT NULL,
  `object_id` longtext,
  `object_repr` varchar(200) NOT NULL,
  `action_flag` smallint(5) UNSIGNED NOT NULL,
  `change_message` longtext NOT NULL,
  `content_type_id` int(11) DEFAULT NULL,
  `user_id` int(11) NOT NULL,
  PRIMARY KEY (`id`),
  KEY `django_admin_log_content_type_id_c4bce8eb_fk_django_co` (`content_type_id`),
  KEY `django_admin_log_user_id_c564eba6_fk_auth_user_id` (`user_id`)
) ENGINE=InnoDB AUTO_INCREMENT=807 DEFAULT CHARSET=latin1;

--
-- Dumping data for table `django_admin_log`
--

INSERT INTO `django_admin_log` (`id`, `action_time`, `object_id`, `object_repr`, `action_flag`, `change_message`, `content_type_id`, `user_id`) VALUES
(1, '2021-08-08 18:37:17.470325', 'MULTIMEDIA COURSES', 'MULTIMEDIA COURSES', 1, '[{\"added\": {}}]', 9, 1),
(2, '2021-08-08 18:37:35.080519', 'UI/UX & GRAPHICS DESIGN', 'UI/UX & GRAPHICS DESIGN', 1, '[{\"added\": {}}]', 9, 1),
(3, '2021-08-08 18:38:05.842667', 'PROGRAMMING IT', 'PROGRAMMING IT', 1, '[{\"added\": {}}]', 9, 1),
(4, '2021-08-08 18:42:03.395578', 'Java programming', 'Java programming', 1, '[{\"added\": {}}]', 8, 1),
(5, '2021-08-08 18:42:21.322443', 'C++ Programming', 'C++ Programming', 1, '[{\"added\": {}}]', 8, 1),
(6, '2021-08-08 18:42:23.974418', 'C++ Programming', 'C++ Programming', 2, '[]', 8, 1),
(7, '2021-08-08 18:45:36.834804', 'Video Editing', 'Video Editing', 1, '[{\"added\": {}}]', 8, 1),
(8, '2021-08-08 18:46:07.419725', 'Blender 3D Design', 'Blender 3D Design', 1, '[{\"added\": {}}]', 8, 1),
(9, '2021-08-08 18:46:44.074070', '2D/3D Game Design', '2D/3D Game Design', 1, '[{\"added\": {}}]', 8, 1),
(10, '2021-08-08 18:50:41.873771', '2d design', '2d design', 1, '[{\"added\": {}}]', 8, 1),
(11, '2021-08-08 18:52:56.131088', 'What is java programming?', 'What is java programming?', 1, '[{\"added\": {}}]', 7, 1),
(12, '2021-08-08 18:53:33.209555', 'Java basic', 'Java basic', 1, '[{\"added\": {}}]', 10, 1),
(13, '2021-08-08 18:53:49.123013', 'Introduction to java', 'Introduction to java', 1, '[{\"added\": {}}]', 11, 1),
(14, '2021-08-08 18:54:05.744026', 'History of java', 'History of java', 1, '[{\"added\": {}}]', 11, 1),
(15, '2021-08-08 18:54:20.280390', 'Java installation', 'Java installation', 1, '[{\"added\": {}}]', 11, 1),
(16, '2021-08-08 18:54:35.132460', 'JRE JDK JVM', 'JRE JDK JVM', 1, '[{\"added\": {}}]', 11, 1),
(17, '2021-08-08 18:54:54.476049', 'Java Advance', 'Java Advance', 1, '[{\"added\": {}}]', 10, 1),
(18, '2021-08-08 18:55:20.134853', 'Introduction to applet', 'Introduction to applet', 1, '[{\"added\": {}}]', 11, 1),
(19, '2021-08-08 18:55:35.811164', 'Widgets', 'Widgets', 1, '[{\"added\": {}}]', 11, 1),
(20, '2021-08-08 18:56:48.302380', 'understanding Servlets', 'understanding Servlets', 1, '[{\"added\": {}}]', 11, 1),
(21, '2021-08-09 13:43:51.756296', 'Java junior dveeloper', 'Java junior dveeloper', 1, '[{\"added\": {}}]', 12, 1),
(22, '2021-08-09 13:44:07.601406', 'java senior developer', 'java senior developer', 1, '[{\"added\": {}}]', 12, 1),
(23, '2021-08-09 13:44:25.155247', 'java programmer', 'java programmer', 1, '[{\"added\": {}}]', 12, 1),
(24, '2021-08-09 13:44:26.694041', 'java programmer', 'java programmer', 2, '[]', 12, 1),
(25, '2021-08-09 13:44:37.162012', 'java game developer', 'java game developer', 1, '[{\"added\": {}}]', 12, 1),
(26, '2021-08-09 13:44:47.786381', 'java', 'java', 1, '[{\"added\": {}}]', 12, 1),
(27, '2021-08-10 08:41:29.421381', 'Java programming', 'Java programming', 2, '[{\"changed\": {\"fields\": [\"Course image\"]}}]', 8, 1),
(28, '2021-08-10 09:38:30.321146', 'Java programming', 'Java programming', 2, '[{\"changed\": {\"fields\": [\"Course image\"]}}]', 8, 1),
(29, '2021-08-11 14:53:43.535962', 'Java programming', 'Java programming', 2, '[{\"changed\": {\"fields\": [\"Course duration\", \"Lecture duration\", \"Job opportunity\"]}}]', 8, 1),
(30, '2021-08-11 14:57:19.456994', 'Java programming', 'Java programming', 2, '[{\"changed\": {\"fields\": [\"Course duration\"]}}]', 8, 1),
(31, '2021-08-19 13:57:22.394287', 'C programming', 'C programming', 1, '[{\"added\": {}}]', 8, 1),
(32, '2021-08-19 14:09:13.339956', 'Python programming', 'Python programming', 1, '[{\"added\": {}}]', 8, 1),
(33, '2021-08-19 14:47:24.492449', 'What is c programming?', 'What is c programming?', 1, '[{\"added\": {}}]', 7, 1),
(34, '2021-08-19 14:48:09.731093', 'Basic C', 'Basic C', 1, '[{\"added\": {}}]', 10, 1),
(35, '2021-08-19 14:48:36.675210', 'Advance C', 'Advance C', 1, '[{\"added\": {}}]', 10, 1),
(36, '2021-08-19 14:49:03.225304', 'Intro to C', 'Intro to C', 1, '[{\"added\": {}}]', 11, 1),
(37, '2021-08-19 14:49:17.121852', 'Data types in C', 'Data types in C', 1, '[{\"added\": {}}]', 11, 1),
(38, '2021-08-19 14:49:36.829763', 'Functions in C', 'Functions in C', 1, '[{\"added\": {}}]', 11, 1),
(39, '2021-08-19 14:49:58.996594', 'Pointers in C', 'Pointers in C', 1, '[{\"added\": {}}]', 11, 1),
(40, '2021-08-19 14:50:11.581779', 'Arrays in C', 'Arrays in C', 1, '[{\"added\": {}}]', 11, 1),
(41, '2021-08-19 14:50:26.996235', 'Linux devloper', 'Linux devloper', 1, '[{\"added\": {}}]', 12, 1),
(42, '2021-08-19 17:27:34.544844', 'C++ Programming', 'C++ Programming', 2, '[{\"changed\": {\"fields\": [\"Course image\", \"Course duration\", \"Lecture duration\", \"Job opportunity\"]}}]', 8, 1),
(43, '2021-08-19 17:28:25.342714', 'What is C++ programming', 'What is C++ programming', 1, '[{\"added\": {}}]', 7, 1),
(44, '2021-08-21 10:52:24.404695', 'C++ Programming', 'TrendingCourses object (C++ Programming)', 1, '[{\"added\": {}}]', 13, 1),
(45, '2021-08-21 10:52:29.420460', 'C programming', 'TrendingCourses object (C programming)', 1, '[{\"added\": {}}]', 13, 1),
(46, '2021-08-21 10:52:41.876894', 'Python programming', 'TrendingCourses object (Python programming)', 1, '[{\"added\": {}}]', 13, 1),
(47, '2021-08-21 10:52:45.503369', 'Java programming', 'TrendingCourses object (Java programming)', 1, '[{\"added\": {}}]', 13, 1),
(48, '2021-08-21 10:52:52.995308', '2d design', 'TrendingCourses object (2d design)', 1, '[{\"added\": {}}]', 13, 1),
(49, '2021-08-21 10:52:56.259334', 'Video Editing', 'TrendingCourses object (Video Editing)', 1, '[{\"added\": {}}]', 13, 1),
(50, '2021-08-23 15:20:59.338056', 'Workshop on ds', 'Workshop on ds', 1, '[{\"added\": {}}]', 14, 1),
(51, '2021-08-23 15:21:53.873518', 'Cybersecurity workshop', 'Cybersecurity workshop', 1, '[{\"added\": {}}]', 14, 1),
(52, '2021-08-23 17:14:30.722260', 'Workshop on ds', 'Workshop on ds', 2, '[{\"changed\": {\"fields\": [\"Event link\"]}}]', 14, 1),
(53, '2021-08-23 17:14:56.758072', 'Cybersecurity workshop', 'Cybersecurity workshop', 2, '[{\"changed\": {\"fields\": [\"Event link\"]}}]', 14, 1),
(54, '2021-08-23 17:31:03.577115', 'Workshop on java', 'Workshop on java', 1, '[{\"added\": {}}]', 14, 1),
(55, '2021-08-24 06:05:16.973148', 'test1', 'test1', 1, '[{\"added\": {}}]', 9, 1),
(56, '2021-08-24 06:05:19.197048', 'test2', 'test2', 1, '[{\"added\": {}}]', 9, 1),
(57, '2021-08-28 06:28:40.124359', 'C programming', 'C programming', 2, '[{\"changed\": {\"fields\": [\"Popular\"]}}]', 8, 1),
(58, '2021-08-28 06:28:44.929332', 'Python programming', 'Python programming', 2, '[{\"changed\": {\"fields\": [\"Popular\"]}}]', 8, 1),
(59, '2021-08-28 06:28:54.200939', 'C++ Programming', 'C++ Programming', 2, '[{\"changed\": {\"fields\": [\"Popular\"]}}]', 8, 1),
(60, '2021-09-04 12:43:51.836605', 'Web Development Update React Hook', 'Web Development Update React Hook', 1, '[{\"added\": {}}]', 15, 1),
(61, '2021-09-04 12:47:13.629476', 'How screen reader user access web video', 'How screen reader user access web video', 1, '[{\"added\": {}}]', 15, 1),
(62, '2021-09-04 12:48:29.988564', 'Lorem ipsum dolor sit amet, consectetur', 'Lorem ipsum dolor sit amet, consectetur', 1, '[{\"added\": {}}]', 15, 1),
(63, '2021-09-04 14:22:48.661709', 'Web Development Update React Hook', 'Web Development Update React Hook', 2, '[{\"changed\": {\"fields\": [\"Blog description\"]}}]', 15, 1),
(64, '2021-09-04 14:23:10.647878', 'How screen reader user access web video', 'How screen reader user access web video', 2, '[{\"changed\": {\"fields\": [\"Blog description\"]}}]', 15, 1),
(65, '2021-09-16 04:59:14.888979', 'PHP programming', 'PHP programming', 1, '[{\"added\": {}}]', 8, 1),
(66, '2021-10-02 14:27:13.613138', '1', 'John Doe', 1, '[{\"added\": {}}]', 16, 1),
(67, '2021-10-02 14:28:23.870016', '2', 'Keval', 1, '[{\"added\": {}}]', 16, 1),
(68, '2021-10-04 07:51:20.057309', 'Cybersecurity workshop', 'Cybersecurity workshop', 2, '[{\"changed\": {\"fields\": [\"Event date\"]}}]', 14, 1),
(69, '2021-10-04 07:51:29.055817', 'Workshop on java', 'Workshop on java', 2, '[{\"changed\": {\"fields\": [\"Event date\"]}}]', 14, 1),
(70, '2021-10-04 07:51:45.891931', 'Workshop on ds', 'Workshop on ds', 2, '[{\"changed\": {\"fields\": [\"Event date\"]}}]', 14, 1),
(71, '2021-10-04 12:43:30.824665', 'Python Basics', 'Python Basics', 1, '[{\"added\": {}}]', 14, 1),
(72, '2021-10-09 14:27:01.090620', 'Java programming', 'Java programming', 2, '[{\"changed\": {\"fields\": [\"Footer\"]}}]', 8, 1),
(73, '2021-10-09 14:27:06.406832', 'PHP programming', 'PHP programming', 2, '[{\"changed\": {\"fields\": [\"Footer\"]}}]', 8, 1),
(74, '2021-10-09 14:27:11.278014', 'C++ Programming', 'C++ Programming', 2, '[{\"changed\": {\"fields\": [\"Footer\"]}}]', 8, 1),
(75, '2021-10-09 17:13:45.739581', 'Test workshop', 'Test workshop', 1, '[{\"added\": {}}]', 14, 1),
(76, '2021-10-12 15:32:34.217171', '1', '/media/images/gibanner_Lh4vBIJ.jpg', 1, '[{\"added\": {}}]', 17, 1),
(77, '2021-10-12 15:33:10.870290', '2', '/media/images/gibanr.jpg', 1, '[{\"added\": {}}]', 17, 1),
(78, '2021-12-03 09:02:43.659788', 'Python Programming', 'Python Programming', 2, '[{\"changed\": {\"fields\": [\"Footer\"]}}]', 8, 1),
(79, '2021-12-03 09:02:49.716456', 'Machine Learning', 'Machine Learning', 2, '[{\"changed\": {\"fields\": [\"Footer\"]}}]', 8, 1),
(80, '2021-12-03 09:02:54.552292', 'Programming In C', 'Programming In C', 2, '[{\"changed\": {\"fields\": [\"Footer\"]}}]', 8, 1),
(81, '2021-12-03 09:03:00.947749', 'Core Java', 'Core Java', 2, '[{\"changed\": {\"fields\": [\"Footer\"]}}]', 8, 1),
(82, '2021-12-03 09:03:38.848767', 'Flutter Overview\'', 'Flutter Overview\'', 1, '[{\"added\": {}}]', 7, 1),
(83, '2021-12-03 09:04:31.746289', 'What is c programming?', 'What is c programming?', 1, '[{\"added\": {}}]', 7, 1),
(84, '2021-12-03 09:05:10.379661', 'What is C++ programming?', 'What is C++ programming?', 1, '[{\"added\": {}}]', 7, 1),
(85, '2021-12-03 09:05:44.689352', 'What is java programming?', 'What is java programming?', 1, '[{\"added\": {}}]', 7, 1),
(86, '2021-12-03 09:07:36.357896', 'Flutter', 'Flutter', 1, '[{\"added\": {}}]', 10, 1),
(87, '2021-12-03 09:07:48.255472', 'Dart', 'Dart', 1, '[{\"added\": {}}]', 10, 1),
(88, '2021-12-03 09:08:26.274158', 'Introduction', 'Introduction', 1, '[{\"added\": {}}]', 11, 1),
(89, '2021-12-03 09:08:46.922870', 'Introduction to Flutter – The what’s and why’s', 'Introduction to Flutter – The what’s and why’s', 1, '[{\"added\": {}}]', 11, 1),
(90, '2021-12-03 09:09:06.800073', 'Introduction to Dart', 'Introduction to Dart', 1, '[{\"added\": {}}]', 11, 1),
(91, '2021-12-03 09:10:33.566970', 'Basic knowldege of C', 'Basic knowldege of C', 1, '[{\"added\": {}}]', 12, 1),
(92, '2021-12-03 09:13:55.944649', 'Flutter', 'Flutter', 2, '[{\"changed\": {\"fields\": [\"Course image\"]}}]', 8, 1),
(93, '2021-12-03 09:22:55.553483', 'Flutter', 'TrendingCourses object (Flutter)', 1, '[{\"added\": {}}]', 13, 1),
(94, '2021-12-03 09:23:03.756440', 'Android', 'TrendingCourses object (Android)', 1, '[{\"added\": {}}]', 13, 1),
(95, '2021-12-03 09:23:13.813013', 'Advance Java', 'TrendingCourses object (Advance Java)', 1, '[{\"added\": {}}]', 13, 1),
(96, '2021-12-06 03:06:54.341710', 'Introduction', 'Introduction', 1, '[{\"added\": {}}]', 11, 1),
(97, '2021-12-06 03:07:17.043444', 'Variables', 'Variables', 1, '[{\"added\": {}}]', 11, 1),
(98, '2021-12-06 03:07:30.190825', 'Operators', 'Operators', 1, '[{\"added\": {}}]', 11, 1),
(99, '2021-12-06 03:07:43.995273', 'Expressions', 'Expressions', 1, '[{\"added\": {}}]', 11, 1),
(100, '2021-12-06 03:08:03.919800', 'Conditional Statements', 'Conditional Statements', 1, '[{\"added\": {}}]', 11, 1),
(101, '2021-12-06 03:08:19.181862', 'Looping', 'Looping', 1, '[{\"added\": {}}]', 11, 1),
(102, '2021-12-06 03:08:32.024774', 'Function', 'Function', 1, '[{\"added\": {}}]', 11, 1),
(103, '2021-12-06 03:08:47.584022', 'Data Structure', 'Data Structure', 1, '[{\"added\": {}}]', 11, 1),
(104, '2021-12-06 03:08:59.818119', 'OOPs Concepts', 'OOPs Concepts', 1, '[{\"added\": {}}]', 11, 1),
(105, '2021-12-06 03:09:13.323114', 'Metadata', 'Metadata', 1, '[{\"added\": {}}]', 11, 1),
(106, '2021-12-06 03:09:29.372024', 'Async Programming', 'Async Programming', 1, '[{\"added\": {}}]', 11, 1),
(107, '2021-12-06 03:09:45.752734', 'Libraries [String, Http Classes, Uri Class, DateTime Class]', 'Libraries [String, Http Classes, Uri Class, DateTime Class]', 1, '[{\"added\": {}}]', 11, 1),
(108, '2021-12-06 03:10:13.278534', 'Introduction to Flutter – The what’s and why’s', 'Introduction to Flutter – The what’s and why’s', 1, '[{\"added\": {}}]', 11, 1),
(109, '2021-12-06 03:11:09.334844', 'Dart\'s Importance in Flutter', 'Dart\'s Importance in Flutter', 1, '[{\"added\": {}}]', 11, 1),
(110, '2021-12-06 03:13:58.392877', 'Installing Flutter plugin within VS code', 'Installing Flutter plugin within VS code', 1, '[{\"added\": {}}]', 11, 1),
(111, '2021-12-06 03:14:17.951170', 'Downloading / cloning Flutter SDK', 'Downloading / cloning Flutter SDK', 1, '[{\"added\": {}}]', 11, 1),
(112, '2021-12-06 03:14:34.509106', 'Setting up Flutter', 'Setting up Flutter', 1, '[{\"added\": {}}]', 11, 1),
(113, '2021-12-06 03:15:27.242751', 'Structure of Flutter project', 'Structure of Flutter project', 1, '[{\"added\": {}}]', 11, 1),
(114, '2021-12-06 03:15:51.003471', 'A simple app from scratch', 'A simple app from scratch', 1, '[{\"added\": {}}]', 11, 1),
(115, '2021-12-06 03:16:03.004036', 'Widget', 'Widget', 1, '[{\"added\": {}}]', 11, 1),
(116, '2021-12-06 03:16:14.971289', 'Adding icons to widgets', 'Adding icons to widgets', 1, '[{\"added\": {}}]', 11, 1),
(117, '2021-12-06 03:16:28.906825', 'Hot Reload and Hot Restart, the tricks of the trade', 'Hot Reload and Hot Restart, the tricks of the trade', 1, '[{\"added\": {}}]', 11, 1),
(118, '2021-12-06 03:16:41.219716', 'Default Flutter App (UI only)', 'Default Flutter App (UI only)', 1, '[{\"added\": {}}]', 11, 1),
(119, '2021-12-06 03:17:13.406100', 'Containers and their Role.', 'Containers and their Role.', 1, '[{\"added\": {}}]', 11, 1),
(120, '2021-12-06 03:18:08.994785', 'Importing images from Network', 'Importing images from Network', 1, '[{\"added\": {}}]', 11, 1),
(121, '2021-12-06 03:18:25.678240', 'Importing images from assets', 'Importing images from assets', 1, '[{\"added\": {}}]', 11, 1),
(122, '2021-12-06 03:18:38.453722', 'Understanding rows and column', 'Understanding rows and column', 1, '[{\"added\": {}}]', 11, 1),
(123, '2021-12-06 03:19:00.303523', 'ListView and ListTile.', 'ListView and ListTile.', 1, '[{\"added\": {}}]', 11, 1),
(124, '2021-12-06 03:19:20.975854', 'InkWell and its importance.', 'InkWell and its importance.', 1, '[{\"added\": {}}]', 11, 1),
(125, '2021-12-06 03:19:34.598266', 'Stateless and Statefull widgets – The concept', 'Stateless and Statefull widgets – The concept', 1, '[{\"added\": {}}]', 11, 1),
(126, '2021-12-06 03:19:54.024452', 'Stateless vs Statefull widgets.', 'Stateless vs Statefull widgets.', 1, '[{\"added\": {}}]', 11, 1),
(127, '2021-12-06 03:20:15.204460', 'Returning the default Flutter App', 'Returning the default Flutter App', 1, '[{\"added\": {}}]', 11, 1),
(128, '2021-12-06 03:20:35.281005', 'Navigating through Navigation', 'Navigating through Navigation', 1, '[{\"added\": {}}]', 11, 1),
(129, '2021-12-06 03:20:54.143434', 'Handling User Input', 'Handling User Input', 1, '[{\"added\": {}}]', 11, 1),
(130, '2021-12-06 03:21:15.826546', 'User Interface', 'User Interface', 1, '[{\"added\": {}}]', 11, 1),
(131, '2021-12-06 03:21:31.686096', 'Asynchronous Functions', 'Asynchronous Functions', 1, '[{\"added\": {}}]', 11, 1),
(132, '2021-12-06 03:21:46.780045', 'Working with Remote Data', 'Working with Remote Data', 1, '[{\"added\": {}}]', 11, 1),
(133, '2021-12-06 03:29:59.936922', 'Django Web Framework', 'Django Web Framework', 1, '[{\"added\": {}}]', 10, 1),
(134, '2021-12-06 03:30:30.063379', 'What is a Framework', 'What is a Framework', 1, '[{\"added\": {}}]', 11, 1),
(135, '2021-12-06 03:30:45.622276', 'Introduction to Django', 'Introduction to Django', 1, '[{\"added\": {}}]', 11, 1),
(136, '2021-12-06 03:31:01.467940', 'Django – Design Philosophies', 'Django – Design Philosophies', 1, '[{\"added\": {}}]', 11, 1),
(137, '2021-12-06 03:31:18.116025', 'History of Django', 'History of Django', 1, '[{\"added\": {}}]', 11, 1),
(138, '2021-12-06 03:31:31.938924', 'Why django and Features', 'Why django and Features', 1, '[{\"added\": {}}]', 11, 1),
(139, '2021-12-06 03:31:46.062714', 'Environment setup', 'Environment setup', 1, '[{\"added\": {}}]', 11, 1),
(140, '2021-12-06 03:31:59.845680', 'Web Server', 'Web Server', 1, '[{\"added\": {}}]', 11, 1),
(141, '2021-12-06 03:32:19.413703', 'MVC Pattern', 'MVC Pattern', 1, '[{\"added\": {}}]', 10, 1),
(142, '2021-12-06 03:37:08.030156', 'MVC Architecture vs MVT Architecture', 'MVC Architecture vs MVT Architecture', 1, '[{\"added\": {}}]', 11, 1),
(143, '2021-12-06 03:37:27.033840', 'Django MVC – MVT Pattern', 'Django MVC – MVT Pattern', 1, '[{\"added\": {}}]', 11, 1),
(144, '2021-12-06 03:37:55.115019', 'Getting Started with Django', 'Getting Started with Django', 1, '[{\"added\": {}}]', 10, 1),
(145, '2021-12-06 03:39:15.899882', 'Creating the first Project', 'Creating the first Project', 1, '[{\"added\": {}}]', 11, 1),
(146, '2021-12-06 03:39:46.982680', 'Integrating the Project to sublime text', 'Integrating the Project to sublime text', 1, '[{\"added\": {}}]', 11, 1),
(147, '2021-12-06 03:41:11.513650', 'The Project Structure', 'The Project Structure', 1, '[{\"added\": {}}]', 11, 1),
(148, '2021-12-06 03:41:33.928828', 'Running the server', 'Running the server', 1, '[{\"added\": {}}]', 11, 1),
(149, '2021-12-06 03:41:47.722154', 'Solving the issues and Migrations', 'Solving the issues and Migrations', 1, '[{\"added\": {}}]', 11, 1),
(150, '2021-12-06 03:42:09.055752', 'Database Setup', 'Database Setup', 1, '[{\"added\": {}}]', 11, 1),
(151, '2021-12-06 03:42:35.152660', 'Setting Up Your Project', 'Setting Up Your Project', 1, '[{\"added\": {}}]', 11, 1),
(152, '2021-12-06 03:44:30.567189', 'Create an Application', 'Create an Application', 1, '[{\"added\": {}}]', 10, 1),
(153, '2021-12-06 03:45:10.815584', 'What Django Follows', 'What Django Follows', 1, '[{\"added\": {}}]', 11, 1),
(154, '2021-12-06 03:45:35.668638', 'Structure of django framework', 'Structure of django framework', 1, '[{\"added\": {}}]', 11, 1),
(155, '2021-12-06 03:45:50.332916', 'Model Layer', 'Model Layer', 1, '[{\"added\": {}}]', 11, 1),
(156, '2021-12-06 03:46:02.965620', 'What are models', 'What are models', 1, '[{\"added\": {}}]', 11, 1),
(157, '2021-12-06 03:46:16.438565', 'Model fields', 'Model fields', 1, '[{\"added\": {}}]', 11, 1),
(158, '2021-12-06 03:46:32.020430', 'Querysets', 'Querysets', 1, '[{\"added\": {}}]', 11, 1),
(159, '2021-12-06 03:49:22.183029', 'Django – Admin Interface', 'Django – Admin Interface', 1, '[{\"added\": {}}]', 10, 1),
(160, '2021-12-06 03:50:39.083123', 'Starting the Admin Interface', 'Starting the Admin Interface', 1, '[{\"added\": {}}]', 11, 1),
(161, '2021-12-06 03:51:02.143350', 'Migrations', 'Migrations', 1, '[{\"added\": {}}]', 11, 1),
(162, '2021-12-06 03:51:26.630099', 'Views Layer', 'Views Layer', 1, '[{\"added\": {}}]', 10, 1),
(163, '2021-12-06 03:51:51.054997', 'Simple View', 'Simple View', 1, '[{\"added\": {}}]', 11, 1),
(164, '2021-12-06 03:52:09.304619', 'Basic view(displaying hello world)', 'Basic view(displaying hello world)', 1, '[{\"added\": {}}]', 11, 1),
(165, '2021-12-06 03:53:27.974783', 'Functional views, class based views', 'Functional views, class based views', 1, '[{\"added\": {}}]', 11, 1),
(166, '2021-12-06 03:56:18.820685', 'Django – URL Mapping', 'Django – URL Mapping', 1, '[{\"added\": {}}]', 10, 1),
(167, '2021-12-06 03:56:35.843709', 'Organizing Your URLs', 'Organizing Your URLs', 1, '[{\"added\": {}}]', 11, 1),
(168, '2021-12-06 03:56:57.989363', 'Role of urls in djnago', 'Role of urls in djnago', 1, '[{\"added\": {}}]', 11, 1),
(169, '2021-12-06 03:57:12.296428', 'Working urls', 'Working urls', 1, '[{\"added\": {}}]', 11, 1),
(170, '2021-12-06 03:57:33.476548', 'Forms', 'Forms', 1, '[{\"added\": {}}]', 11, 1),
(171, '2021-12-06 03:57:50.186251', 'Sending Parameters to Views', 'Sending Parameters to Views', 1, '[{\"added\": {}}]', 11, 1),
(172, '2021-12-06 03:58:03.883229', 'Templates layer', 'Templates layer', 1, '[{\"added\": {}}]', 11, 1),
(173, '2021-12-06 03:58:16.789354', 'The Render Function', 'The Render Function', 1, '[{\"added\": {}}]', 11, 1),
(174, '2021-12-16 07:02:09.561296', 'Django Template Language (DTL)', 'Django Template Language (DTL)', 1, '[{\"added\": {}}]', 10, 1),
(175, '2021-12-16 07:06:33.041371', 'Role of template layer in django', 'Role of template layer in django', 1, '[{\"added\": {}}]', 11, 1),
(176, '2021-12-16 07:06:45.704959', 'Filters,Tags, Tag if, Tag for, Block and Extend Tags', 'Filters,Tags, Tag if, Tag for, Block and Extend Tags', 1, '[{\"added\": {}}]', 11, 1),
(177, '2021-12-16 07:07:02.441014', 'Comment Tag, Usage of templates', 'Comment Tag, Usage of templates', 1, '[{\"added\": {}}]', 11, 1),
(178, '2021-12-16 07:07:16.572089', 'Extending base template', 'Extending base template', 1, '[{\"added\": {}}]', 11, 1),
(179, '2021-12-16 07:08:05.685578', 'Django – Models', 'Django – Models', 1, '[{\"added\": {}}]', 10, 1),
(180, '2021-12-16 07:08:31.132584', 'Creating a Model', 'Creating a Model', 1, '[{\"added\": {}}]', 11, 1),
(181, '2021-12-16 07:08:42.608689', 'Manipulating Data (CRUD)', 'Manipulating Data (CRUD)', 1, '[{\"added\": {}}]', 11, 1),
(182, '2021-12-16 07:08:56.517835', 'Linking Models', 'Linking Models', 1, '[{\"added\": {}}]', 11, 1),
(183, '2021-12-16 07:09:10.911363', 'Django – Page Redirection', 'Django – Page Redirection', 1, '[{\"added\": {}}]', 11, 1),
(184, '2021-12-16 07:09:32.474538', 'Django – Sending E-mails', 'Django – Sending E-mails', 1, '[{\"added\": {}}]', 10, 1),
(185, '2021-12-16 07:09:49.821343', 'Sending a Simple E-mail', 'Sending a Simple E-mail', 1, '[{\"added\": {}}]', 11, 1),
(186, '2021-12-16 07:10:02.292423', 'Sending Multiple Mails with send_mass_mail', 'Sending Multiple Mails with send_mass_mail', 1, '[{\"added\": {}}]', 11, 1),
(187, '2021-12-16 07:10:13.148935', 'Sending HTML E-mail', 'Sending HTML E-mail', 1, '[{\"added\": {}}]', 11, 1),
(188, '2021-12-16 07:10:23.123871', 'Sending HTML E-mail with Attachments', 'Sending HTML E-mail with Attachments', 1, '[{\"added\": {}}]', 11, 1),
(189, '2021-12-16 07:10:37.868350', 'Django – Form Processing', 'Django – Form Processing', 1, '[{\"added\": {}}]', 10, 1),
(190, '2021-12-16 07:10:49.812058', 'Using Form in a View', 'Using Form in a View', 1, '[{\"added\": {}}]', 11, 1),
(191, '2021-12-16 07:11:03.444081', 'Usage of forms', 'Usage of forms', 1, '[{\"added\": {}}]', 11, 1),
(192, '2021-12-16 07:11:13.883795', 'Crud operations using forms', 'Crud operations using forms', 1, '[{\"added\": {}}]', 11, 1),
(193, '2021-12-16 07:11:24.787882', 'Crispy forms in django', 'Crispy forms in django', 1, '[{\"added\": {}}]', 11, 1),
(194, '2021-12-16 07:11:39.185848', 'Django – File Uploading', 'Django – File Uploading', 1, '[{\"added\": {}}]', 10, 1),
(195, '2021-12-16 07:11:59.403558', 'Uploading an Image', 'Uploading an Image', 1, '[{\"added\": {}}]', 11, 1),
(196, '2021-12-16 07:12:08.702111', 'Django – Apache Setup', 'Django – Apache Setup', 1, '[{\"added\": {}}]', 11, 1),
(197, '2021-12-16 07:12:19.216855', 'Django – Cookies Handling', 'Django – Cookies Handling', 1, '[{\"added\": {}}]', 10, 1),
(198, '2021-12-16 07:12:29.772742', 'Django – Sessions', 'Django – Sessions', 1, '[{\"added\": {}}]', 11, 1),
(199, '2021-12-16 07:12:40.562846', 'Django – Comments', 'Django – Comments', 1, '[{\"added\": {}}]', 11, 1),
(200, '2021-12-16 07:12:52.451483', 'Django Admin', 'Django Admin', 1, '[{\"added\": {}}]', 10, 1),
(201, '2021-12-16 07:13:05.788278', 'Creating Super User', 'Creating Super User', 1, '[{\"added\": {}}]', 11, 1),
(202, '2021-12-16 07:13:13.830672', 'Using admin in Django', 'Using admin in Django', 1, '[{\"added\": {}}]', 11, 1),
(203, '2021-12-16 07:13:21.571162', 'Adding models to admin', 'Adding models to admin', 1, '[{\"added\": {}}]', 11, 1),
(204, '2021-12-16 07:13:30.482439', 'Adding model objects using admin', 'Adding model objects using admin', 1, '[{\"added\": {}}]', 11, 1),
(205, '2021-12-16 07:13:41.323479', 'Displaying in cmd using querysets', 'Displaying in cmd using querysets', 1, '[{\"added\": {}}]', 11, 1),
(206, '2021-12-16 07:13:51.506970', 'Static files', 'Static files', 1, '[{\"added\": {}}]', 10, 1),
(207, '2021-12-16 07:14:06.698394', 'Loading css files into templates', 'Loading css files into templates', 1, '[{\"added\": {}}]', 11, 1),
(208, '2021-12-16 07:14:15.795352', 'Loading js files into templates', 'Loading js files into templates', 1, '[{\"added\": {}}]', 11, 1),
(209, '2021-12-16 07:14:27.082191', 'Uploading image using models', 'Uploading image using models', 1, '[{\"added\": {}}]', 11, 1),
(210, '2021-12-16 07:14:37.674389', 'User authentication', 'User authentication', 1, '[{\"added\": {}}]', 11, 1),
(211, '2021-12-16 07:15:05.600731', 'Sample Projects and Websites', 'Sample Projects and Websites', 1, '[{\"added\": {}}]', 10, 1),
(212, '2021-12-16 07:15:18.331637', 'News website (BLOGs Forums)', 'News website (BLOGs Forums)', 1, '[{\"added\": {}}]', 11, 1),
(213, '2021-12-16 07:16:06.250409', 'Introduction', 'Introduction', 1, '[{\"added\": {}}]', 10, 1),
(214, '2021-12-16 07:16:15.945848', 'Basic Syntax', 'Basic Syntax', 1, '[{\"added\": {}}]', 10, 1),
(215, '2021-12-16 07:16:24.907633', 'Working with Variables', 'Working with Variables', 1, '[{\"added\": {}}]', 10, 1),
(216, '2021-12-16 07:16:34.146288', 'Operators in Python', 'Operators in Python', 1, '[{\"added\": {}}]', 10, 1),
(217, '2021-12-16 07:16:43.002927', 'Decision making statements in Python', 'Decision making statements in Python', 1, '[{\"added\": {}}]', 10, 1),
(218, '2021-12-16 07:16:50.745763', 'Iteration in python', 'Iteration in python', 1, '[{\"added\": {}}]', 10, 1),
(219, '2021-12-16 07:17:01.546691', 'Numbers', 'Numbers', 1, '[{\"added\": {}}]', 10, 1),
(220, '2021-12-16 07:17:11.026162', 'Strings and input', 'Strings and input', 1, '[{\"added\": {}}]', 10, 1),
(221, '2021-12-16 07:17:20.219177', 'Data structure in python', 'Data structure in python', 1, '[{\"added\": {}}]', 10, 1),
(222, '2021-12-16 07:17:35.507274', 'List', 'List', 1, '[{\"added\": {}}]', 11, 1),
(223, '2021-12-16 07:17:45.346789', 'Tuple', 'Tuple', 1, '[{\"added\": {}}]', 11, 1),
(224, '2021-12-16 07:17:53.003074', 'Dictionary', 'Dictionary', 1, '[{\"added\": {}}]', 11, 1),
(225, '2021-12-16 07:18:06.562523', 'set', 'set', 1, '[{\"added\": {}}]', 11, 1),
(226, '2021-12-16 07:18:18.004374', 'Date and time', 'Date and time', 1, '[{\"added\": {}}]', 10, 1),
(227, '2021-12-16 07:18:28.176001', 'Functions, scoping and abstraction', 'Functions, scoping and abstraction', 1, '[{\"added\": {}}]', 10, 1),
(228, '2021-12-16 07:18:40.026218', 'Lambda expressions', 'Lambda expressions', 1, '[{\"added\": {}}]', 11, 1),
(229, '2021-12-16 07:18:51.058074', 'Modules and files', 'Modules and files', 1, '[{\"added\": {}}]', 10, 1),
(230, '2021-12-16 07:19:02.323266', 'Standard modules – sys', 'Standard modules – sys', 1, '[{\"added\": {}}]', 11, 1),
(231, '2021-12-16 07:19:14.579156', 'Standard modules – math', 'Standard modules – math', 1, '[{\"added\": {}}]', 11, 1),
(232, '2021-12-16 07:19:28.931212', 'Standard modules – time', 'Standard modules – time', 1, '[{\"added\": {}}]', 11, 1),
(233, '2021-12-16 07:19:42.186934', 'dir function', 'dir function', 1, '[{\"added\": {}}]', 11, 1),
(234, '2021-12-16 07:20:18.890894', 'Testing and Debugging', 'Testing and Debugging', 1, '[{\"added\": {}}]', 10, 1),
(235, '2021-12-16 07:20:28.802966', 'Black-Box testing', 'Black-Box testing', 1, '[{\"added\": {}}]', 11, 1),
(236, '2021-12-16 07:20:36.969985', 'White-Box testing', 'White-Box testing', 1, '[{\"added\": {}}]', 11, 1),
(237, '2021-12-16 07:20:49.833371', 'Conducting Tests', 'Conducting Tests', 1, '[{\"added\": {}}]', 11, 1),
(238, '2021-12-16 07:21:06.460740', 'Exceptions and assertions', 'Exceptions and assertions', 1, '[{\"added\": {}}]', 10, 1),
(239, '2021-12-16 07:21:14.602333', 'Multithreading', 'Multithreading', 1, '[{\"added\": {}}]', 10, 1),
(240, '2021-12-16 07:21:28.138676', 'Networking in Python', 'Networking in Python', 1, '[{\"added\": {}}]', 10, 1),
(241, '2021-12-16 07:21:39.291287', 'Class & Objects', 'Class & Objects', 1, '[{\"added\": {}}]', 10, 1),
(242, '2021-12-16 07:21:51.786700', 'Reg expressions', 'Reg expressions', 1, '[{\"added\": {}}]', 10, 1),
(243, '2021-12-16 07:22:02.394647', 'CGI programming', 'CGI programming', 1, '[{\"added\": {}}]', 10, 1),
(244, '2021-12-16 07:22:14.241333', 'Database access', 'Database access', 1, '[{\"added\": {}}]', 10, 1),
(245, '2021-12-16 07:22:21.867234', 'XML processing', 'XML processing', 1, '[{\"added\": {}}]', 10, 1),
(246, '2021-12-16 07:22:32.401650', 'Sending email', 'Sending email', 1, '[{\"added\": {}}]', 10, 1),
(247, '2021-12-16 07:22:41.769645', 'GUI programming using Tkinter,Turtle', 'GUI programming using Tkinter,Turtle', 1, '[{\"added\": {}}]', 10, 1),
(248, '2021-12-16 07:22:57.427367', 'NumPy for mathematical computing', 'NumPy for mathematical computing', 1, '[{\"added\": {}}]', 10, 1),
(249, '2021-12-16 07:24:34.305620', 'Introduction to arrays and matrices', 'Introduction to arrays and matrices', 1, '[{\"added\": {}}]', 11, 1),
(250, '2021-12-16 07:24:47.730762', '. Indexing of arrays, data types, broadcasting of array math', '. Indexing of arrays, data types, broadcasting of array math', 1, '[{\"added\": {}}]', 11, 1),
(251, '2021-12-16 07:25:00.330876', 'Standard deviation, conditional probability', 'Standard deviation, conditional probability', 1, '[{\"added\": {}}]', 11, 1),
(252, '2021-12-16 07:25:10.930359', 'Co-relation and covariance', 'Co-relation and covariance', 1, '[{\"added\": {}}]', 11, 1),
(253, '2021-12-16 07:25:32.321332', 'SciPy for Scientific computing', 'SciPy for Scientific computing', 1, '[{\"added\": {}}]', 10, 1),
(254, '2021-12-16 07:25:46.258650', 'Introduction to Scipy and its functions', 'Introduction to Scipy and its functions', 1, '[{\"added\": {}}]', 11, 1),
(255, '2021-12-16 07:25:57.914613', 'Building on top of Numpy, cluster, linalg, signal, optimize, integrate, subpackages', 'Building on top of Numpy, cluster, linalg, signal, optimize, integrate, subpackages', 1, '[{\"added\": {}}]', 11, 1),
(256, '2021-12-16 07:26:06.970001', 'Scipy with Bayers theorem', 'Scipy with Bayers theorem', 1, '[{\"added\": {}}]', 11, 1),
(257, '2021-12-16 07:26:20.456136', 'Matploit for data visualization', 'Matploit for data visualization', 1, '[{\"added\": {}}]', 10, 1),
(258, '2021-12-16 07:26:31.161626', 'Plotting graph and chart', 'Plotting graph and chart', 1, '[{\"added\": {}}]', 11, 1),
(259, '2021-12-16 07:26:39.009261', 'Various aspects of line, scatter, bar, histogram, 3D', 'Various aspects of line, scatter, bar, histogram, 3D', 1, '[{\"added\": {}}]', 11, 1),
(260, '2021-12-16 07:26:51.657239', 'API of MatplotLib, SubPlots', 'API of MatplotLib, SubPlots', 1, '[{\"added\": {}}]', 11, 1),
(261, '2021-12-16 07:27:09.313560', 'Quick look at', 'Quick look at', 1, '[{\"added\": {}}]', 10, 1),
(262, '2021-12-16 07:27:18.225900', 'machine learning', 'machine learning', 1, '[{\"added\": {}}]', 11, 1),
(263, '2021-12-16 07:27:26.842606', 'Data Science', 'Data Science', 1, '[{\"added\": {}}]', 11, 1),
(264, '2021-12-16 07:27:34.577766', 'Pandas', 'Pandas', 1, '[{\"added\": {}}]', 11, 1),
(265, '2021-12-16 07:27:47.191470', 'Scikit', 'Scikit', 1, '[{\"added\": {}}]', 11, 1),
(266, '2021-12-16 07:27:55.370173', 'Hadoop', 'Hadoop', 1, '[{\"added\": {}}]', 11, 1),
(267, '2021-12-16 07:28:09.345344', 'Apache Spark', 'Apache Spark', 1, '[{\"added\": {}}]', 11, 1),
(268, '2021-12-16 07:28:53.721949', 'Indexing of arrays, data types, broadcasting of array math', 'Indexing of arrays, data types, broadcasting of array math', 2, '[{\"changed\": {\"fields\": [\"Sub topic title\"]}}]', 11, 1),
(269, '2021-12-31 03:55:58.604000', 'Android Overview and History', 'Android Overview and History', 1, '[{\"added\": {}}]', 10, 1),
(270, '2021-12-31 03:56:25.168876', 'How it all get started.', 'How it all get started.', 1, '[{\"added\": {}}]', 11, 1),
(271, '2021-12-31 03:56:42.496893', 'Why Android is different.', 'Why Android is different.', 1, '[{\"added\": {}}]', 11, 1),
(272, '2021-12-31 03:57:02.014849', 'Android Stack', 'Android Stack', 1, '[{\"added\": {}}]', 10, 1),
(273, '2021-12-31 03:57:25.813149', 'Overview of the stack.', 'Overview of the stack.', 1, '[{\"added\": {}}]', 11, 1),
(274, '2021-12-31 03:57:37.961735', 'Linux kernel.', 'Linux kernel.', 1, '[{\"added\": {}}]', 11, 1),
(275, '2021-12-31 03:57:53.281942', 'Native libraries.', 'Native libraries.', 1, '[{\"added\": {}}]', 11, 1),
(276, '2021-12-31 03:58:04.507074', 'Dalvik.', 'Dalvik.', 1, '[{\"added\": {}}]', 11, 1),
(277, '2021-12-31 03:58:18.049144', 'App framework.', 'App framework.', 1, '[{\"added\": {}}]', 11, 1),
(278, '2021-12-31 03:58:28.840281', 'Apps.', 'Apps.', 1, '[{\"added\": {}}]', 11, 1),
(279, '2021-12-31 03:58:44.516368', 'SDK Overview', 'SDK Overview', 1, '[{\"added\": {}}]', 10, 1),
(280, '2021-12-31 03:59:05.391858', 'Platforms.', 'Platforms.', 1, '[{\"added\": {}}]', 11, 1),
(281, '2021-12-31 03:59:18.257166', 'Tools & Versions.', 'Tools & Versions.', 1, '[{\"added\": {}}]', 11, 1),
(282, '2021-12-31 03:59:33.554013', 'Hello World App.', 'Hello World App.', 1, '[{\"added\": {}}]', 11, 1),
(283, '2021-12-31 03:59:49.952110', 'Creating your first project.', 'Creating your first project.', 1, '[{\"added\": {}}]', 11, 1),
(284, '2021-12-31 04:00:03.790650', 'The manifest file.', 'The manifest file.', 1, '[{\"added\": {}}]', 11, 1),
(285, '2021-12-31 04:00:16.615679', 'Layout resource.', 'Layout resource.', 1, '[{\"added\": {}}]', 11, 1),
(286, '2021-12-31 04:00:30.183724', 'Running your app on Emulator.', 'Running your app on Emulator.', 1, '[{\"added\": {}}]', 11, 1),
(287, '2021-12-31 04:00:51.323922', 'Main Building Blocks / Components', 'Main Building Blocks / Components', 1, '[{\"added\": {}}]', 10, 1),
(288, '2021-12-31 04:01:07.105746', 'Activities', 'Activities', 1, '[{\"added\": {}}]', 11, 1),
(289, '2021-12-31 04:01:17.991923', 'Activity lifecycle.', 'Activity lifecycle.', 1, '[{\"added\": {}}]', 11, 1),
(290, '2021-12-31 04:01:28.373697', 'Intents', 'Intents', 1, '[{\"added\": {}}]', 11, 1),
(291, '2021-12-31 04:01:41.359832', 'Services', 'Services', 1, '[{\"added\": {}}]', 11, 1),
(292, '2021-12-31 04:01:55.135520', 'Content Providers.', 'Content Providers.', 1, '[{\"added\": {}}]', 11, 1),
(293, '2021-12-31 04:02:18.155613', 'Broadcast Receivers', 'Broadcast Receivers', 1, '[{\"added\": {}}]', 11, 1),
(294, '2021-12-31 04:07:37.977496', 'Basic Android User Interface', 'Basic Android User Interface', 1, '[{\"added\": {}}]', 10, 1),
(295, '2021-12-31 04:08:04.769001', 'XML versus Java UI.', 'XML versus Java UI.', 1, '[{\"added\": {}}]', 11, 1),
(296, '2021-12-31 04:08:15.215796', 'Pixels, dp and sp.', 'Pixels, dp and sp.', 1, '[{\"added\": {}}]', 11, 1),
(297, '2021-12-31 04:08:26.457159', 'Views and layouts.', 'Views and layouts.', 1, '[{\"added\": {}}]', 11, 1),
(298, '2021-12-31 04:08:37.760755', 'Common UI components.', 'Common UI components.', 1, '[{\"added\": {}}]', 11, 1),
(299, '2021-12-31 04:08:51.440229', 'Handling user events.', 'Handling user events.', 1, '[{\"added\": {}}]', 11, 1),
(300, '2021-12-31 04:09:09.079512', 'Android System Overview', 'Android System Overview', 1, '[{\"added\": {}}]', 10, 1),
(301, '2021-12-31 04:09:25.303828', 'File System', 'File System', 1, '[{\"added\": {}}]', 11, 1),
(302, '2021-12-31 04:09:36.002097', 'Preferences.', 'Preferences.', 1, '[{\"added\": {}}]', 11, 1),
(303, '2021-12-31 04:09:47.082404', 'Notifications.', 'Notifications.', 1, '[{\"added\": {}}]', 11, 1),
(304, '2021-12-31 04:10:05.501036', 'Advanced UI', 'Advanced UI', 1, '[{\"added\": {}}]', 10, 1),
(305, '2021-12-31 04:10:25.218469', 'Spinner.', 'Spinner.', 1, '[{\"added\": {}}]', 11, 1),
(306, '2021-12-31 04:10:35.873128', 'List View.', 'List View.', 1, '[{\"added\": {}}]', 11, 1),
(307, '2021-12-31 04:10:45.111847', 'Gallery.', 'Gallery.', 1, '[{\"added\": {}}]', 11, 1),
(308, '2021-12-31 04:10:54.814961', 'Autocomplete Text View.', 'Autocomplete Text View.', 1, '[{\"added\": {}}]', 11, 1),
(309, '2021-12-31 04:11:05.983115', 'Selection components.', 'Selection components.', 1, '[{\"added\": {}}]', 11, 1),
(310, '2021-12-31 04:11:16.422836', 'Adapters.', 'Adapters.', 1, '[{\"added\": {}}]', 11, 1),
(311, '2021-12-31 04:11:30.945314', 'Complex UI components.', 'Complex UI components.', 1, '[{\"added\": {}}]', 11, 1),
(312, '2021-12-31 04:11:41.719064', 'Building UI for performance.', 'Building UI for performance.', 1, '[{\"added\": {}}]', 11, 1),
(313, '2021-12-31 04:11:50.335086', 'Menus and Dialogs.', 'Menus and Dialogs.', 1, '[{\"added\": {}}]', 11, 1),
(314, '2021-12-31 04:12:02.952224', 'Graphics & animations.', 'Graphics & animations.', 1, '[{\"added\": {}}]', 11, 1),
(315, '2021-12-31 04:12:12.135433', 'Web View.', 'Web View.', 1, '[{\"added\": {}}]', 11, 1),
(316, '2021-12-31 04:12:22.070648', 'Fragments.', 'Fragments.', 1, '[{\"added\": {}}]', 11, 1),
(317, '2021-12-31 04:12:34.663217', 'Custom Adapters.', 'Custom Adapters.', 1, '[{\"added\": {}}]', 11, 1),
(318, '2021-12-31 04:12:55.420704', 'Multimedia in Android', 'Multimedia in Android', 1, '[{\"added\": {}}]', 10, 1),
(319, '2021-12-31 04:13:18.135223', 'Media Player.', 'Media Player.', 1, '[{\"added\": {}}]', 11, 1),
(320, '2021-12-31 04:13:30.279196', 'Video View.', 'Video View.', 1, '[{\"added\": {}}]', 11, 1),
(321, '2021-12-31 04:13:42.433480', 'Audio Recording.', 'Audio Recording.', 1, '[{\"added\": {}}]', 11, 1),
(322, '2021-12-31 04:13:52.630975', 'Video Recording.', 'Video Recording.', 1, '[{\"added\": {}}]', 11, 1),
(323, '2021-12-31 04:14:02.255298', 'Camera.', 'Camera.', 1, '[{\"added\": {}}]', 11, 1),
(324, '2021-12-31 04:14:14.628901', 'Android Telephony', 'Android Telephony', 1, '[{\"added\": {}}]', 10, 1),
(325, '2021-12-31 04:14:31.515266', 'SMS.', 'SMS.', 1, '[{\"added\": {}}]', 11, 1),
(326, '2021-12-31 04:14:43.271145', 'Calls, Emails.', 'Calls, Emails.', 1, '[{\"added\": {}}]', 11, 1),
(327, '2021-12-31 04:14:57.181442', 'Email using JavaMailAPI.', 'Email using JavaMailAPI.', 1, '[{\"added\": {}}]', 11, 1),
(328, '2021-12-31 04:15:08.684935', 'SQL Database.', 'SQL Database.', 1, '[{\"added\": {}}]', 11, 1),
(329, '2021-12-31 04:15:20.878057', 'Introducing SQLite.', 'Introducing SQLite.', 1, '[{\"added\": {}}]', 11, 1),
(330, '2021-12-31 04:15:32.864918', 'SQLite Open Helper and creating a database.', 'SQLite Open Helper and creating a database.', 1, '[{\"added\": {}}]', 11, 1),
(331, '2021-12-31 04:15:47.079700', 'Opening and closing a database.', 'Opening and closing a database.', 1, '[{\"added\": {}}]', 11, 1),
(332, '2021-12-31 04:15:59.975119', 'Working with cursors Inserts,Updates and Deletes.', 'Working with cursors Inserts,Updates and Deletes.', 1, '[{\"added\": {}}]', 11, 1),
(333, '2021-12-31 04:16:22.221552', 'Android Service', 'Android Service', 1, '[{\"added\": {}}]', 10, 1),
(334, '2021-12-31 04:16:40.960219', 'Overview of services in Android.', 'Overview of services in Android.', 1, '[{\"added\": {}}]', 11, 1),
(335, '2021-12-31 04:16:52.217552', 'Implementing a Service.', 'Implementing a Service.', 1, '[{\"added\": {}}]', 11, 1),
(336, '2021-12-31 04:17:04.102231', 'Service lifecycle.', 'Service lifecycle.', 1, '[{\"added\": {}}]', 11, 1),
(337, '2021-12-31 04:17:16.994735', 'Bound versus unbound services.', 'Bound versus unbound services.', 1, '[{\"added\": {}}]', 11, 1),
(338, '2021-12-31 04:17:31.021782', 'WiFi Service', 'WiFi Service', 1, '[{\"added\": {}}]', 10, 1),
(339, '2021-12-31 04:17:43.183960', 'Monitoring and managing Internet connectivity.', 'Monitoring and managing Internet connectivity.', 1, '[{\"added\": {}}]', 11, 1),
(340, '2021-12-31 04:17:54.790285', 'Managing active connections.', 'Managing active connections.', 1, '[{\"added\": {}}]', 11, 1),
(341, '2021-12-31 04:18:04.095618', 'Managing WiFi.', 'Managing WiFi.', 1, '[{\"added\": {}}]', 11, 1),
(342, '2021-12-31 04:18:17.174092', 'Sensors', 'Sensors', 1, '[{\"added\": {}}]', 10, 1),
(343, '2021-12-31 04:18:32.736927', 'How Sensors work.', 'How Sensors work.', 1, '[{\"added\": {}}]', 11, 1),
(344, '2021-12-31 04:18:46.048525', 'Listening to Sensor readings.', 'Listening to Sensor readings.', 1, '[{\"added\": {}}]', 11, 1),
(345, '2021-12-31 04:19:00.510482', 'Bluetooth', 'Bluetooth', 1, '[{\"added\": {}}]', 10, 1),
(346, '2021-12-31 04:19:25.311730', 'Controlling local Bluetooth device.', 'Controlling local Bluetooth device.', 1, '[{\"added\": {}}]', 11, 1),
(347, '2021-12-31 04:19:36.080297', 'Discovering and bonding with Bluetooth Devices.', 'Discovering and bonding with Bluetooth Devices.', 1, '[{\"added\": {}}]', 11, 1),
(348, '2021-12-31 04:19:48.599206', 'Managing Bluetooth connections.', 'Managing Bluetooth connections.', 1, '[{\"added\": {}}]', 11, 1),
(349, '2021-12-31 04:20:00.774392', 'Communicating with Bluetooth.', 'Communicating with Bluetooth.', 1, '[{\"added\": {}}]', 11, 1),
(350, '2021-12-31 04:20:15.237784', 'Vibrator', 'Vibrator', 1, '[{\"added\": {}}]', 10, 1),
(351, '2021-12-31 04:20:28.422711', 'How to get the Vibrator Service.', 'How to get the Vibrator Service.', 1, '[{\"added\": {}}]', 11, 1),
(352, '2021-12-31 04:20:38.239418', 'How to Vibrate the device.', 'How to Vibrate the device.', 1, '[{\"added\": {}}]', 11, 1),
(353, '2021-12-31 04:20:52.246136', 'Notifications', 'Notifications', 1, '[{\"added\": {}}]', 10, 1),
(354, '2021-12-31 04:21:04.819277', 'About Notifications.', 'About Notifications.', 1, '[{\"added\": {}}]', 11, 1),
(355, '2021-12-31 04:21:18.838637', 'How to get Notification Service.', 'How to get Notification Service.', 1, '[{\"added\": {}}]', 11, 1),
(356, '2021-12-31 04:21:39.878486', 'Pending Intent.', 'Pending Intent.', 1, '[{\"added\": {}}]', 11, 1),
(357, '2021-12-31 04:22:16.595538', 'Broadcast Receivers', 'Broadcast Receivers', 1, '[{\"added\": {}}]', 10, 1),
(358, '2021-12-31 04:22:49.607952', 'What are Broadcast Receivers.', 'What are Broadcast Receivers.', 1, '[{\"added\": {}}]', 11, 1),
(359, '2021-12-31 04:23:11.103058', 'Implementing broadcast receiver.', 'Implementing broadcast receiver.', 1, '[{\"added\": {}}]', 11, 1),
(360, '2021-12-31 04:23:26.531018', 'System broadcasts and how to use them.', 'System broadcasts and how to use them.', 1, '[{\"added\": {}}]', 11, 1),
(361, '2021-12-31 04:23:51.773655', 'Basic Content Providers', 'Basic Content Providers', 1, '[{\"added\": {}}]', 10, 1),
(362, '2021-12-31 04:24:07.774129', 'Content provider MIME types.', 'Content provider MIME types.', 1, '[{\"added\": {}}]', 11, 1),
(363, '2021-12-31 04:24:20.847946', 'Searching for content', 'Searching for content', 1, '[{\"added\": {}}]', 11, 1),
(364, '2021-12-31 04:24:33.382045', 'Adding, changing, and removing content.', 'Adding, changing, and removing content.', 1, '[{\"added\": {}}]', 11, 1),
(365, '2021-12-31 04:24:44.334279', 'Working with content files.', 'Working with content files.', 1, '[{\"added\": {}}]', 11, 1),
(366, '2021-12-31 04:25:04.243546', 'Google Maps', 'Google Maps', 1, '[{\"added\": {}}]', 10, 1),
(367, '2021-12-31 04:25:19.183324', 'Introduction to LocationBased Services in Android.', 'Introduction to LocationBased Services in Android.', 1, '[{\"added\": {}}]', 11, 1),
(368, '2021-12-31 04:25:58.952900', 'Introduction to Google Maps.', 'Introduction to Google Maps.', 1, '[{\"added\": {}}]', 11, 1),
(369, '2021-12-31 04:26:10.397499', 'MapsView.', 'MapsView.', 1, '[{\"added\": {}}]', 11, 1),
(370, '2021-12-31 04:26:21.302846', 'MapFragment.', 'MapFragment.', 1, '[{\"added\": {}}]', 11, 1),
(371, '2021-12-31 04:26:32.655203', 'Markers.', 'Markers.', 1, '[{\"added\": {}}]', 11, 1),
(372, '2021-12-31 04:26:43.069884', 'Changing the GoogleView.', 'Changing the GoogleView.', 1, '[{\"added\": {}}]', 11, 1),
(373, '2021-12-31 04:26:54.479887', 'Android emulator and Google Maps.', 'Android emulator and Google Maps.', 1, '[{\"added\": {}}]', 11, 1),
(374, '2021-12-31 04:27:03.749907', 'Install Google Play services.', 'Install Google Play services.', 1, '[{\"added\": {}}]', 11, 1),
(375, '2021-12-31 04:27:13.052641', 'Getting the Google Map key.', 'Getting the Google Map key.', 1, '[{\"added\": {}}]', 11, 1),
(376, '2021-12-31 04:27:26.716118', 'Overview', 'Overview', 1, '[{\"added\": {}}]', 10, 1),
(377, '2021-12-31 04:28:11.888692', 'Creating the SHA-1 for your signature key', 'Creating the SHA-1 for your signature key', 1, '[{\"added\": {}}]', 11, 1),
(378, '2021-12-31 04:28:24.223144', 'Register with the Google APIs Console.', 'Register with the Google APIs Console.', 1, '[{\"added\": {}}]', 11, 1),
(379, '2021-12-31 04:28:34.821443', 'Create key for your application.', 'Create key for your application.', 1, '[{\"added\": {}}]', 11, 1),
(380, '2021-12-31 04:28:44.582691', 'Google Maps Example.', 'Google Maps Example.', 1, '[{\"added\": {}}]', 11, 1),
(381, '2021-12-31 04:28:55.704182', 'Create Project.', 'Create Project.', 1, '[{\"added\": {}}]', 11, 1),
(382, '2021-12-31 04:29:05.929266', 'Adjust layout file.', 'Adjust layout file.', 1, '[{\"added\": {}}]', 11, 1),
(383, '2021-12-31 04:29:17.325976', 'Activity , Run and Test.', 'Activity , Run and Test.', 1, '[{\"added\": {}}]', 11, 1),
(384, '2021-12-31 04:29:33.725458', 'Placing multiple position.', 'Placing multiple position.', 1, '[{\"added\": {}}]', 11, 1),
(385, '2021-12-31 04:29:43.717903', 'How to track the location.', 'How to track the location.', 1, '[{\"added\": {}}]', 11, 1),
(386, '2021-12-31 04:29:55.245600', 'How to find the distance between 2 points.', 'How to find the distance between 2 points.', 1, '[{\"added\": {}}]', 11, 1),
(387, '2021-12-31 04:30:05.507062', 'Google Places', 'Google Places', 1, '[{\"added\": {}}]', 10, 1),
(388, '2021-12-31 04:30:22.151552', 'Get Google Places API Access.', 'Get Google Places API Access.', 1, '[{\"added\": {}}]', 11, 1),
(389, '2021-12-31 04:30:32.800006', 'List of search options to get data (like airports, cafes …).', 'List of search options to get data (like airports, cafes …).', 1, '[{\"added\": {}}]', 11, 1),
(390, '2021-12-31 04:30:43.414852', 'Build a Places Search Query to select particular positions.', 'Build a Places Search Query to select particular positions.', 1, '[{\"added\": {}}]', 11, 1),
(391, '2021-12-31 04:30:53.717860', 'Create an AsyncTask to Fetch Place JSON Data in the Background.', 'Create an AsyncTask to Fetch Place JSON Data in the Background.', 1, '[{\"added\": {}}]', 11, 1),
(392, '2021-12-31 04:31:06.750463', 'How to place the places data on GoogleMaps.', 'How to place the places data on GoogleMaps.', 1, '[{\"added\": {}}]', 11, 1),
(393, '2021-12-31 04:31:17.257836', 'XML', 'XML', 1, '[{\"added\": {}}]', 10, 1),
(394, '2021-12-31 04:31:29.159185', 'Introduction to XML.', 'Introduction to XML.', 1, '[{\"added\": {}}]', 11, 1),
(395, '2021-12-31 04:31:40.815567', 'Advantages of XML.', 'Advantages of XML.', 1, '[{\"added\": {}}]', 11, 1),
(396, '2021-12-31 04:31:54.420005', 'Rules to write an XML.', 'Rules to write an XML.', 1, '[{\"added\": {}}]', 11, 1),
(397, '2021-12-31 04:32:08.344156', 'XSD & DTD’s.', 'XSD & DTD’s.', 1, '[{\"added\": {}}]', 11, 1),
(398, '2021-12-31 04:32:16.364509', 'XML Parsers.', 'XML Parsers.', 1, '[{\"added\": {}}]', 11, 1),
(399, '2021-12-31 04:32:27.021440', 'JAXP [ DOM , SAX ].', 'JAXP [ DOM , SAX ].', 1, '[{\"added\": {}}]', 11, 1),
(400, '2021-12-31 04:32:37.663996', 'JAXB', 'JAXB', 1, '[{\"added\": {}}]', 11, 1),
(401, '2021-12-31 04:32:57.049892', 'JSON', 'JSON', 1, '[{\"added\": {}}]', 10, 1),
(402, '2021-12-31 04:33:09.164875', 'Introduction to JSON.', 'Introduction to JSON.', 1, '[{\"added\": {}}]', 11, 1),
(403, '2021-12-31 04:33:20.238764', 'Advantages of JSON over XML.', 'Advantages of JSON over XML.', 1, '[{\"added\": {}}]', 11, 1),
(404, '2021-12-31 04:33:31.600011', 'Syntax & Structure of JSON.', 'Syntax & Structure of JSON.', 1, '[{\"added\": {}}]', 11, 1),
(405, '2021-12-31 04:33:52.854504', 'Why is JSON is preferred for mobile applications.', 'Why is JSON is preferred for mobile applications.', 1, '[{\"added\": {}}]', 11, 1),
(406, '2021-12-31 04:34:04.599193', 'different types JSON Parsers [ simple json , Jackson , GSON ] to parse the JSON.', 'different types JSON Parsers [ simple json , Jackson , GSON ] to parse the JSON.', 1, '[{\"added\": {}}]', 11, 1),
(407, '2021-12-31 04:34:21.283382', 'Web Services', 'Web Services', 1, '[{\"added\": {}}]', 10, 1),
(408, '2021-12-31 04:34:37.553436', 'Introduction to Web Service.', 'Introduction to Web Service.', 1, '[{\"added\": {}}]', 11, 1),
(409, '2021-12-31 04:34:51.995960', 'Advantages of Web Services.', 'Advantages of Web Services.', 1, '[{\"added\": {}}]', 11, 1),
(410, '2021-12-31 04:35:00.420707', 'Architecture of Web Service.', 'Architecture of Web Service.', 1, '[{\"added\": {}}]', 11, 1),
(411, '2021-12-31 04:37:33.926855', 'Types of Web Services.', 'Types of Web Services.', 1, '[{\"added\": {}}]', 11, 1),
(412, '2021-12-31 04:37:42.980596', 'Web Service Components.', 'Web Service Components.', 1, '[{\"added\": {}}]', 11, 1),
(413, '2021-12-31 04:37:52.164518', 'SOAP Based Web Service.', 'SOAP Based Web Service.', 1, '[{\"added\": {}}]', 11, 1),
(414, '2021-12-31 04:38:00.470807', 'How to Call SOAP Web Service.', 'How to Call SOAP Web Service.', 1, '[{\"added\": {}}]', 11, 1),
(415, '2021-12-31 04:38:26.683920', 'Detailed Explanation about WSDL , SOAP & UDDI.', 'Detailed Explanation about WSDL , SOAP & UDDI.', 1, '[{\"added\": {}}]', 11, 1),
(416, '2021-12-31 04:38:39.789418', 'Why SOAP is not preferred for mobile Applications ?', 'Why SOAP is not preferred for mobile Applications ?', 1, '[{\"added\": {}}]', 11, 1),
(417, '2021-12-31 04:39:00.017652', 'What are the disadvantages with SOAP', 'What are the disadvantages with SOAP', 1, '[{\"added\": {}}]', 11, 1),
(418, '2021-12-31 04:39:08.862048', 'Working with REST.', 'Working with REST.', 1, '[{\"added\": {}}]', 11, 1),
(419, '2021-12-31 04:39:24.708358', 'Graphics Programing', 'Graphics Programing', 1, '[{\"added\": {}}]', 10, 1),
(420, '2021-12-31 04:39:42.448899', 'Java Threads.', 'Java Threads.', 1, '[{\"added\": {}}]', 11, 1);
INSERT INTO `django_admin_log` (`id`, `action_time`, `object_id`, `object_repr`, `action_flag`, `change_message`, `content_type_id`, `user_id`) VALUES
(421, '2021-12-31 04:39:57.831037', 'Android Graphics Components.', 'Android Graphics Components.', 1, '[{\"added\": {}}]', 11, 1),
(422, '2021-12-31 04:40:07.413855', 'Surface View.', 'Surface View.', 1, '[{\"added\": {}}]', 11, 1),
(423, '2021-12-31 04:40:19.382024', 'Surface Holder', 'Surface Holder', 1, '[{\"added\": {}}]', 11, 1),
(424, '2021-12-31 04:40:28.821013', 'Canvas.', 'Canvas.', 1, '[{\"added\": {}}]', 11, 1),
(425, '2021-12-31 04:40:42.684073', 'Paint class.', 'Paint class.', 1, '[{\"added\": {}}]', 11, 1),
(426, '2021-12-31 04:40:52.527005', 'How to Different Shapes on Surface.', 'How to Different Shapes on Surface.', 1, '[{\"added\": {}}]', 11, 1),
(427, '2021-12-31 04:41:04.700406', 'How to draw different resources ( images , videos , text ….) on surface', 'How to draw different resources ( images , videos , text ….) on surface', 1, '[{\"added\": {}}]', 11, 1),
(428, '2021-12-31 04:41:18.804811', 'How to display animations.', 'How to display animations.', 1, '[{\"added\": {}}]', 11, 1),
(429, '2021-12-31 04:41:29.804855', 'Sample Animations.', 'Sample Animations.', 1, '[{\"added\": {}}]', 11, 1),
(430, '2021-12-31 04:41:56.249296', 'Sample Game using Graphic components.', 'Sample Game using Graphic components.', 1, '[{\"added\": {}}]', 11, 1),
(431, '2021-12-31 04:42:10.053185', 'What are the problems with built in graphics components.', 'What are the problems with built in graphics components.', 1, '[{\"added\": {}}]', 11, 1),
(432, '2021-12-31 04:42:22.047786', 'Introduction to different 3rd party libraries for displaying graphics , animations and game development.', 'Introduction to different 3rd party libraries for displaying graphics , animations and game development.', 1, '[{\"added\": {}}]', 11, 1),
(433, '2021-12-31 04:42:39.744874', 'COCOS – 2D', 'COCOS – 2D', 1, '[{\"added\": {}}]', 10, 1),
(434, '2021-12-31 04:43:22.438754', 'Introduction to COCOS-2D.', 'Introduction to COCOS-2D.', 1, '[{\"added\": {}}]', 11, 1),
(435, '2021-12-31 04:43:34.685226', 'How to setup the Environment for COCOS-2D.', 'How to setup the Environment for COCOS-2D.', 1, '[{\"added\": {}}]', 11, 1),
(436, '2021-12-31 04:44:43.629499', 'COCOS-2D Components.', 'COCOS-2D Components.', 1, '[{\"added\": {}}]', 11, 1),
(437, '2021-12-31 04:44:54.102229', 'CCDirector.', 'CCDirector.', 1, '[{\"added\": {}}]', 11, 1),
(438, '2021-12-31 04:45:04.076084', 'CCLayer.', 'CCLayer.', 1, '[{\"added\": {}}]', 11, 1),
(439, '2021-12-31 04:45:16.988996', 'CCNode.', 'CCNode.', 1, '[{\"added\": {}}]', 11, 1),
(440, '2021-12-31 04:48:33.362452', 'CCSprite', 'CCSprite', 1, '[{\"added\": {}}]', 11, 1),
(441, '2021-12-31 04:48:42.651951', 'CCMenus', 'CCMenus', 1, '[{\"added\": {}}]', 11, 1),
(442, '2021-12-31 04:48:53.413011', 'Cocos-2D Actions( CCMoveTo , CCRotateTo, CCJumpTo, CCScale , CCOrbit , CCBlink , CCFadeIn/Out …..).', 'Cocos-2D Actions( CCMoveTo , CCRotateTo, CCJumpTo, CCScale , CCOrbit , CCBlink , CCFadeIn/Out …..).', 1, '[{\"added\": {}}]', 11, 1),
(443, '2021-12-31 04:49:04.460691', 'CCSequence & CCRepeat actions.', 'CCSequence & CCRepeat actions.', 1, '[{\"added\": {}}]', 11, 1),
(444, '2021-12-31 04:49:13.411360', 'zJUNIT', 'zJUNIT', 1, '[{\"added\": {}}]', 10, 1),
(445, '2021-12-31 04:49:27.484539', 'Android automated testing', 'Android automated testing', 1, '[{\"added\": {}}]', 11, 1),
(446, '2021-12-31 04:49:35.474306', 'Android test strategy.', 'Android test strategy.', 1, '[{\"added\": {}}]', 11, 1),
(447, '2021-12-31 04:49:46.230657', 'How to test Android applications.', 'How to test Android applications.', 1, '[{\"added\": {}}]', 11, 1),
(448, '2021-12-31 04:49:55.877198', 'What to test on Android applications.', 'What to test on Android applications.', 1, '[{\"added\": {}}]', 11, 1),
(449, '2021-12-31 04:50:05.819521', 'Testing preconditions.', 'Testing preconditions.', 1, '[{\"added\": {}}]', 11, 1),
(450, '2021-12-31 04:52:05.954542', 'User interface tests.', 'User interface tests.', 1, '[{\"added\": {}}]', 11, 1),
(451, '2021-12-31 04:52:14.755596', 'Which tests require an Android system to run?', 'Which tests require an Android system to run?', 1, '[{\"added\": {}}]', 11, 1),
(452, '2021-12-31 04:52:24.356050', 'Testing standard Java classes.', 'Testing standard Java classes.', 1, '[{\"added\": {}}]', 11, 1),
(453, '2021-12-31 04:52:32.172015', 'Testing Java classes which use the Android.', 'Testing Java classes which use the Android.', 1, '[{\"added\": {}}]', 11, 1),
(454, '2021-12-31 04:52:40.643310', 'Android test projects and running tests.', 'Android test projects and running tests.', 1, '[{\"added\": {}}]', 11, 1),
(455, '2021-12-31 04:52:50.835483', 'Android test projects.', 'Android test projects.', 1, '[{\"added\": {}}]', 11, 1),
(456, '2021-12-31 04:53:03.466744', 'Creating a test project & Running tests', 'Creating a test project & Running tests', 1, '[{\"added\": {}}]', 11, 1),
(457, '2021-12-31 04:53:19.688418', 'Google Cloud Messaging [ GCM ]', 'Google Cloud Messaging [ GCM ]', 1, '[{\"added\": {}}]', 10, 1),
(458, '2021-12-31 04:53:33.875467', 'Introduction to Google Cloud Messaging.', 'Introduction to Google Cloud Messaging.', 1, '[{\"added\": {}}]', 11, 1),
(459, '2021-12-31 04:53:45.581777', 'How to integrate GCM service into the SDK', 'How to integrate GCM service into the SDK', 1, '[{\"added\": {}}]', 11, 1),
(460, '2021-12-31 04:53:54.508839', 'How to get the GCM API Key.', 'How to get the GCM API Key.', 1, '[{\"added\": {}}]', 11, 1),
(461, '2021-12-31 04:54:09.257508', 'GCM Architecture', 'GCM Architecture', 1, '[{\"added\": {}}]', 11, 1),
(462, '2021-12-31 04:54:17.535265', 'GCM components.', 'GCM components.', 1, '[{\"added\": {}}]', 11, 1),
(463, '2021-12-31 04:54:25.932755', 'How to develop GCM server application in java', 'How to develop GCM server application in java', 1, '[{\"added\": {}}]', 11, 1),
(464, '2021-12-31 04:54:39.132527', 'How to develop the GCM Client application.', 'How to develop the GCM Client application.', 1, '[{\"added\": {}}]', 11, 1),
(465, '2021-12-31 04:54:47.402703', 'GCM Client dependencies.', 'GCM Client dependencies.', 1, '[{\"added\": {}}]', 11, 1),
(466, '2021-12-31 04:54:57.053837', 'Volley Library', 'Volley Library', 1, '[{\"added\": {}}]', 10, 1),
(467, '2021-12-31 04:55:09.467016', 'Introduction Volley Library', 'Introduction Volley Library', 1, '[{\"added\": {}}]', 11, 1),
(468, '2021-12-31 04:55:19.041448', 'Volley Library Advantages.', 'Volley Library Advantages.', 1, '[{\"added\": {}}]', 11, 1),
(469, '2021-12-31 04:55:56.702242', 'Volley Library Components.', 'Volley Library Components.', 1, '[{\"added\": {}}]', 11, 1),
(470, '2021-12-31 04:56:15.700577', 'How to setup the Environment.', 'How to setup the Environment.', 1, '[{\"added\": {}}]', 11, 1),
(471, '2021-12-31 04:56:30.017810', 'Creating Volley singleton class', 'Creating Volley singleton class', 1, '[{\"added\": {}}]', 11, 1),
(472, '2021-12-31 04:56:40.042969', 'Different Types of Requests.', 'Different Types of Requests.', 1, '[{\"added\": {}}]', 11, 1),
(473, '2021-12-31 04:56:48.786458', 'Adding request headers.', 'Adding request headers.', 1, '[{\"added\": {}}]', 11, 1),
(474, '2021-12-31 04:57:00.001431', 'Handling Volley Cache.', 'Handling Volley Cache.', 1, '[{\"added\": {}}]', 11, 1),
(475, '2022-01-07 03:41:49.799914', 'Web application', 'Web application', 1, '[{\"added\": {}}]', 11, 1),
(476, '2022-01-07 03:42:52.781828', 'Web-Server', 'Web-Server', 1, '[{\"added\": {}}]', 11, 1),
(477, '2022-01-07 03:43:19.015919', 'Client and Server', 'Client and Server', 1, '[{\"added\": {}}]', 11, 1),
(478, '2022-01-07 03:43:48.878112', 'Scripting languages', 'Scripting languages', 1, '[{\"added\": {}}]', 11, 1),
(479, '2022-01-07 03:53:56.753251', 'Introduction & History', 'Introduction & History', 1, '[{\"added\": {}}]', 11, 1),
(480, '2022-01-07 03:54:12.016387', 'Basic tags and attributes', 'Basic tags and attributes', 1, '[{\"added\": {}}]', 11, 1),
(481, '2022-01-07 03:54:29.646891', 'HTML5 New Elements', 'HTML5 New Elements', 1, '[{\"added\": {}}]', 11, 1),
(482, '2022-01-07 03:54:45.228845', 'HTML5 Input Types', 'HTML5 Input Types', 1, '[{\"added\": {}}]', 11, 1),
(483, '2022-01-07 03:55:05.163563', 'HTML5 Form Elements', 'HTML5 Form Elements', 1, '[{\"added\": {}}]', 11, 1),
(484, '2022-01-07 03:55:22.189358', 'HTML5 Form Attributes', 'HTML5 Form Attributes', 1, '[{\"added\": {}}]', 11, 1),
(485, '2022-01-07 03:55:35.054490', 'HTML5 Canvas', 'HTML5 Canvas', 1, '[{\"added\": {}}]', 11, 1),
(486, '2022-01-07 03:55:52.634616', 'HTML5 SVG', 'HTML5 SVG', 1, '[{\"added\": {}}]', 11, 1),
(487, '2022-01-07 03:56:06.747205', 'HTML5 Video', 'HTML5 Video', 1, '[{\"added\": {}}]', 11, 1),
(488, '2022-01-07 03:56:58.637651', 'HTML5 Audio', 'HTML5 Audio', 1, '[{\"added\": {}}]', 11, 1),
(489, '2022-01-07 03:57:26.598608', 'Selectors', 'Selectors', 1, '[{\"added\": {}}]', 11, 1),
(490, '2022-01-07 03:58:13.303386', 'Box Model', 'Box Model', 1, '[{\"added\": {}}]', 11, 1),
(491, '2022-01-07 03:58:37.144498', 'Backgrounds and Borders', 'Backgrounds and Borders', 1, '[{\"added\": {}}]', 11, 1),
(492, '2022-01-07 03:58:55.084693', 'Image Values and Replaced Content', 'Image Values and Replaced Content', 1, '[{\"added\": {}}]', 11, 1),
(493, '2022-01-07 03:59:09.334199', 'Text Effects', 'Text Effects', 1, '[{\"added\": {}}]', 11, 1),
(494, '2022-01-07 03:59:26.933908', 'Introduction to JavaScript', 'Introduction to JavaScript', 1, '[{\"added\": {}}]', 11, 1),
(495, '2022-01-07 04:00:17.246480', 'Variables in php', 'Variables in php', 1, '[{\"added\": {}}]', 11, 1),
(496, '2022-01-07 04:01:02.926032', 'Operators in php', 'Operators in php', 1, '[{\"added\": {}}]', 11, 1),
(497, '2022-01-07 04:01:17.356105', 'Data type conversion', 'Data type conversion', 1, '[{\"added\": {}}]', 11, 1),
(498, '2022-01-07 04:01:30.448521', 'Functions', 'Functions', 1, '[{\"added\": {}}]', 11, 1),
(499, '2022-01-07 04:01:44.390344', 'Conditional statements and Loops', 'Conditional statements and Loops', 1, '[{\"added\": {}}]', 11, 1),
(500, '2022-01-07 04:02:00.748573', 'Form manipulation', 'Form manipulation', 1, '[{\"added\": {}}]', 11, 1),
(501, '2022-01-07 04:02:12.951533', 'Validation', 'Validation', 1, '[{\"added\": {}}]', 11, 1),
(502, '2022-01-07 04:02:30.719320', 'Introduction to database', 'Introduction to database', 1, '[{\"added\": {}}]', 11, 1),
(503, '2022-01-07 04:02:42.423957', 'MySQL datatypes', 'MySQL datatypes', 1, '[{\"added\": {}}]', 11, 1),
(504, '2022-01-07 04:02:59.426915', 'DML and DDL', 'DML and DDL', 1, '[{\"added\": {}}]', 11, 1),
(505, '2022-01-07 04:03:15.049419', 'Aggregate functions', 'Aggregate functions', 1, '[{\"added\": {}}]', 11, 1),
(506, '2022-01-07 04:03:28.326878', 'Sub query and join', 'Sub query and join', 1, '[{\"added\": {}}]', 11, 1),
(507, '2022-01-07 04:03:47.444908', 'XAMPP', 'XAMPP', 1, '[{\"added\": {}}]', 11, 1),
(508, '2022-01-07 04:04:19.855730', 'Syntax', 'Syntax', 1, '[{\"added\": {}}]', 11, 1),
(509, '2022-01-07 04:05:24.885625', 'Control Structures', 'Control Structures', 1, '[{\"added\": {}}]', 11, 1),
(510, '2022-01-07 04:05:41.046668', 'Language Constructs and Functions', 'Language Constructs and Functions', 1, '[{\"added\": {}}]', 11, 1),
(511, '2022-01-07 04:05:56.194491', 'Configure php.ini', 'Configure php.ini', 1, '[{\"added\": {}}]', 11, 1),
(512, '2022-01-07 04:06:11.941093', 'C-URL Functions', 'C-URL Functions', 1, '[{\"added\": {}}]', 11, 1),
(513, '2022-01-07 04:06:36.050084', 'Arguments', 'Arguments', 1, '[{\"added\": {}}]', 11, 1),
(514, '2022-01-07 04:06:54.003626', 'References', 'References', 1, '[{\"added\": {}}]', 11, 1),
(515, '2022-01-07 04:07:07.539805', 'Returns', 'Returns', 1, '[{\"added\": {}}]', 11, 1),
(516, '2022-01-07 04:07:26.249490', 'Variable Scope', 'Variable Scope', 1, '[{\"added\": {}}]', 11, 1),
(517, '2022-01-07 04:07:39.851660', 'Quoting', 'Quoting', 1, '[{\"added\": {}}]', 11, 1),
(518, '2022-01-07 04:07:55.461374', 'Matching', 'Matching', 1, '[{\"added\": {}}]', 11, 1),
(519, '2022-01-07 04:08:16.596478', 'Extracting', 'Extracting', 1, '[{\"added\": {}}]', 11, 1),
(520, '2022-01-07 04:08:29.960903', 'Searching', 'Searching', 1, '[{\"added\": {}}]', 11, 1),
(521, '2022-01-07 04:08:46.193564', 'Replacing', 'Replacing', 1, '[{\"added\": {}}]', 11, 1),
(522, '2022-01-07 04:08:56.969326', 'Formatting', 'Formatting', 1, '[{\"added\": {}}]', 11, 1),
(523, '2022-01-07 04:09:15.359910', 'Enumerated arrays', 'Enumerated arrays', 1, '[{\"added\": {}}]', 11, 1),
(524, '2022-01-07 04:09:28.673748', 'Associated arrays', 'Associated arrays', 1, '[{\"added\": {}}]', 11, 1),
(525, '2022-01-07 04:09:47.658881', 'Multidimensional arrays', 'Multidimensional arrays', 1, '[{\"added\": {}}]', 11, 1),
(526, '2022-01-07 04:10:05.061129', 'Array functions', 'Array functions', 1, '[{\"added\": {}}]', 11, 1),
(527, '2022-01-07 04:10:20.597853', 'Sessions', 'Sessions', 1, '[{\"added\": {}}]', 11, 1),
(528, '2022-01-07 04:10:38.469727', 'Forms in php', 'Forms in php', 1, '[{\"added\": {}}]', 11, 1),
(529, '2022-01-07 04:10:50.436766', 'GET and POST data', 'GET and POST data', 1, '[{\"added\": {}}]', 11, 1),
(530, '2022-01-07 04:11:02.347812', 'Cookies', 'Cookies', 1, '[{\"added\": {}}]', 11, 1),
(531, '2022-01-07 04:11:15.775343', 'HTTP Headers', 'HTTP Headers', 1, '[{\"added\": {}}]', 11, 1),
(532, '2022-01-07 04:11:54.616886', 'OOPS concepts in php', 'OOPS concepts in php', 1, '[{\"added\": {}}]', 11, 1),
(533, '2022-01-07 04:13:06.835604', 'PHP classes and objects', 'PHP classes and objects', 1, '[{\"added\": {}}]', 11, 1),
(534, '2022-01-07 04:13:23.373831', 'Constructors and destructors', 'Constructors and destructors', 1, '[{\"added\": {}}]', 11, 1),
(535, '2022-01-07 04:13:39.693440', 'Inheritance in php', 'Inheritance in php', 1, '[{\"added\": {}}]', 11, 1),
(536, '2022-01-07 04:13:55.333730', 'Static method and properties', 'Static method and properties', 1, '[{\"added\": {}}]', 11, 1),
(537, '2022-01-07 04:14:08.256594', 'Method overloading', 'Method overloading', 1, '[{\"added\": {}}]', 11, 1),
(538, '2022-01-07 04:14:18.804753', 'Interface', 'Interface', 1, '[{\"added\": {}}]', 11, 1),
(539, '2022-01-07 04:14:35.916693', 'Try-catch-throw', 'Try-catch-throw', 1, '[{\"added\": {}}]', 11, 1),
(540, '2022-01-07 04:14:51.589120', 'PHP and MYSQL', 'PHP and MYSQL', 1, '[{\"added\": {}}]', 11, 1),
(541, '2022-01-07 04:15:24.669612', 'Mysql functions', 'Mysql functions', 1, '[{\"added\": {}}]', 11, 1),
(542, '2022-01-07 04:15:38.180632', 'External file inclusion:', 'External file inclusion:', 1, '[{\"added\": {}}]', 11, 1),
(543, '2022-01-07 04:15:56.765359', 'Include, include_once, require, require_once', 'Include, include_once, require, require_once', 1, '[{\"added\": {}}]', 11, 1),
(544, '2022-01-07 04:16:10.123138', 'One tier architecture', 'One tier architecture', 1, '[{\"added\": {}}]', 11, 1),
(545, '2022-01-07 04:16:25.701813', 'Two tier Architecture', 'Two tier Architecture', 1, '[{\"added\": {}}]', 11, 1),
(546, '2022-01-07 04:16:38.489227', 'Three tier Architecture', 'Three tier Architecture', 1, '[{\"added\": {}}]', 11, 1),
(547, '2022-01-07 04:17:20.791838', 'File Operations', 'File Operations', 1, '[{\"added\": {}}]', 11, 1),
(548, '2022-01-07 04:17:33.045905', 'Working with Directories', 'Working with Directories', 1, '[{\"added\": {}}]', 11, 1),
(549, '2022-01-07 04:17:44.153559', 'File uploading and downloading', 'File uploading and downloading', 1, '[{\"added\": {}}]', 11, 1),
(550, '2022-01-07 04:24:26.746178', 'JDBC', 'JDBC', 1, '[{\"added\": {}}]', 10, 1),
(551, '2022-01-07 04:24:38.347325', 'J2EE Multi-tier Architecture', 'J2EE Multi-tier Architecture', 1, '[{\"added\": {}}]', 10, 1),
(552, '2022-01-07 04:24:49.371045', 'JAVA servlets', 'JAVA servlets', 1, '[{\"added\": {}}]', 10, 1),
(553, '2022-01-07 04:24:58.819558', 'JSP', 'JSP', 1, '[{\"added\": {}}]', 10, 1),
(554, '2022-01-07 04:25:10.397237', 'RMI', 'RMI', 1, '[{\"added\": {}}]', 10, 1),
(555, '2022-01-07 04:25:21.541764', 'Spring [ introduction ]', 'Spring [ introduction ]', 1, '[{\"added\": {}}]', 10, 1),
(556, '2022-01-07 04:25:32.053187', 'Hibernate', 'Hibernate', 1, '[{\"added\": {}}]', 10, 1),
(557, '2022-01-07 04:25:41.700763', 'Collection', 'Collection', 1, '[{\"added\": {}}]', 10, 1),
(558, '2022-01-07 04:38:31.186152', 'Arithmetic operator', 'Arithmetic operator', 1, '[{\"added\": {}}]', 11, 1),
(559, '2022-01-07 04:38:44.457083', 'Relational operator', 'Relational operator', 1, '[{\"added\": {}}]', 11, 1),
(560, '2022-01-07 04:39:04.364210', 'Logical operator', 'Logical operator', 1, '[{\"added\": {}}]', 11, 1),
(561, '2022-01-07 04:39:24.021331', 'Assignment operator', 'Assignment operator', 1, '[{\"added\": {}}]', 11, 1),
(562, '2022-01-07 04:39:39.469866', 'Increment decrement operator', 'Increment decrement operator', 1, '[{\"added\": {}}]', 11, 1),
(563, '2022-01-07 04:39:51.453574', 'Conditional operator', 'Conditional operator', 1, '[{\"added\": {}}]', 11, 1),
(564, '2022-01-07 04:40:01.534682', 'Bitwise operator', 'Bitwise operator', 1, '[{\"added\": {}}]', 11, 1),
(565, '2022-01-07 04:40:14.026903', 'Special operator', 'Special operator', 1, '[{\"added\": {}}]', 11, 1),
(566, '2022-01-07 04:40:38.227842', 'Simple if', 'Simple if', 1, '[{\"added\": {}}]', 11, 1),
(567, '2022-01-07 04:40:48.627272', 'If else', 'If else', 1, '[{\"added\": {}}]', 11, 1),
(568, '2022-01-07 04:40:58.934286', 'Else if ladder', 'Else if ladder', 1, '[{\"added\": {}}]', 11, 1),
(569, '2022-01-07 04:41:11.801621', 'Nested if', 'Nested if', 1, '[{\"added\": {}}]', 11, 1),
(570, '2022-01-07 04:41:25.884923', 'Switch case', 'Switch case', 1, '[{\"added\": {}}]', 11, 1),
(571, '2022-01-07 04:41:38.739397', 'For loop', 'For loop', 1, '[{\"added\": {}}]', 11, 1),
(572, '2022-01-07 04:41:51.891608', 'While loop', 'While loop', 1, '[{\"added\": {}}]', 11, 1),
(573, '2022-01-07 04:42:04.514788', 'Do while loop', 'Do while loop', 1, '[{\"added\": {}}]', 11, 1),
(574, '2022-01-08 03:45:16.206400', 'What is array', 'What is array', 1, '[{\"added\": {}}]', 11, 1),
(575, '2022-01-08 03:45:28.178891', 'Types of array : 1-D, 2-D and M-D', 'Types of array : 1-D, 2-D and M-D', 1, '[{\"added\": {}}]', 11, 1),
(576, '2022-01-08 03:45:48.591882', 'Programs for Array', 'Programs for Array', 1, '[{\"added\": {}}]', 11, 1),
(577, '2022-01-08 03:46:12.185922', 'Searching in DS', 'Searching in DS', 1, '[{\"added\": {}}]', 11, 1),
(578, '2022-01-08 03:46:24.445194', 'Sorting', 'Sorting', 1, '[{\"added\": {}}]', 11, 1),
(579, '2022-01-08 03:46:47.558694', 'Initialization of matrix with diff types', 'Initialization of matrix with diff types', 1, '[{\"added\": {}}]', 11, 1),
(580, '2022-01-08 03:47:04.795582', 'Matrix programs', 'Matrix programs', 1, '[{\"added\": {}}]', 11, 1),
(581, '2022-01-08 03:47:25.847141', 'Sparse Matrix', 'Sparse Matrix', 1, '[{\"added\": {}}]', 11, 1),
(582, '2022-01-08 03:47:43.178253', 'What is Stack', 'What is Stack', 1, '[{\"added\": {}}]', 11, 1),
(583, '2022-01-08 03:49:27.659711', 'Notations', 'Notations', 1, '[{\"added\": {}}]', 11, 1),
(584, '2022-01-08 03:49:43.280069', 'Programs', 'Programs', 1, '[{\"added\": {}}]', 11, 1),
(585, '2022-01-08 03:49:58.467474', 'Tower of Honoi', 'Tower of Honoi', 1, '[{\"added\": {}}]', 11, 1),
(586, '2022-01-08 03:50:10.109590', 'Simple Queue', 'Simple Queue', 1, '[{\"added\": {}}]', 11, 1),
(587, '2022-01-08 03:50:22.187272', 'Circular Queue', 'Circular Queue', 1, '[{\"added\": {}}]', 11, 1),
(588, '2022-01-08 03:50:34.282685', 'Double Ended Queue', 'Double Ended Queue', 1, '[{\"added\": {}}]', 11, 1),
(589, '2022-01-08 03:50:45.686544', 'Priority Queue', 'Priority Queue', 1, '[{\"added\": {}}]', 11, 1),
(590, '2022-01-08 03:50:59.779914', 'What is Linked List', 'What is Linked List', 1, '[{\"added\": {}}]', 11, 1),
(591, '2022-01-08 03:51:13.817968', 'Requirements', 'Requirements', 1, '[{\"added\": {}}]', 11, 1),
(592, '2022-01-08 03:51:29.448134', 'Types of Linked List', 'Types of Linked List', 1, '[{\"added\": {}}]', 11, 1),
(593, '2022-01-08 03:51:44.666551', 'Definitions and Concepts', 'Definitions and Concepts', 1, '[{\"added\": {}}]', 11, 1),
(594, '2022-01-08 03:51:56.763863', 'Representation of binary tree', 'Representation of binary tree', 1, '[{\"added\": {}}]', 11, 1),
(595, '2022-01-08 03:52:17.293438', 'BST', 'BST', 1, '[{\"added\": {}}]', 11, 1),
(596, '2022-01-08 03:54:00.281040', 'Definitions and Concepts', 'Definitions and Concepts', 1, '[{\"added\": {}}]', 11, 1),
(597, '2022-01-08 03:54:36.845644', 'Representation of binary tree', 'Representation of binary tree', 1, '[{\"added\": {}}]', 11, 1),
(598, '2022-01-08 03:54:59.573330', 'BST', 'BST', 1, '[{\"added\": {}}]', 11, 1),
(599, '2022-01-08 03:55:11.863192', 'AVL Tree', 'AVL Tree', 1, '[{\"added\": {}}]', 11, 1),
(600, '2022-01-08 03:55:24.344200', '2-3 Tree', '2-3 Tree', 1, '[{\"added\": {}}]', 11, 1),
(601, '2022-01-08 03:55:39.107579', 'Threaded binary tree', 'Threaded binary tree', 1, '[{\"added\": {}}]', 11, 1),
(602, '2022-01-08 03:55:56.543222', 'M-way Tree', 'M-way Tree', 1, '[{\"added\": {}}]', 11, 1),
(603, '2022-01-08 03:56:09.013716', 'B-Tree', 'B-Tree', 1, '[{\"added\": {}}]', 11, 1),
(604, '2022-01-08 03:56:20.344472', 'B+ - Tree', 'B+ - Tree', 1, '[{\"added\": {}}]', 11, 1),
(605, '2022-01-08 03:56:32.515302', 'General Tree', 'General Tree', 1, '[{\"added\": {}}]', 11, 1),
(606, '2022-01-08 03:57:11.329294', 'Conversion of General Trees To Binary Trees', 'Conversion of General Trees To Binary Trees', 1, '[{\"added\": {}}]', 11, 1),
(607, '2022-01-08 03:57:31.109612', 'Matrix Representation Of Graph', 'Matrix Representation Of Graph', 1, '[{\"added\": {}}]', 11, 1),
(608, '2022-01-08 03:57:50.522297', 'Linked List Representation of Graph', 'Linked List Representation of Graph', 1, '[{\"added\": {}}]', 11, 1),
(609, '2022-01-08 03:58:06.436329', 'Elementary Graph', 'Elementary Graph', 1, '[{\"added\": {}}]', 11, 1),
(610, '2022-01-08 03:58:19.486963', 'Operations', 'Operations', 1, '[{\"added\": {}}]', 11, 1),
(611, '2022-01-08 03:59:37.796650', 'Spanning Trees – MST', 'Spanning Trees – MST', 1, '[{\"added\": {}}]', 11, 1),
(612, '2022-01-08 03:59:48.947062', 'Shortest path', 'Shortest path', 1, '[{\"added\": {}}]', 11, 1),
(613, '2022-01-08 04:00:10.005951', 'Sequential approach', 'Sequential approach', 1, '[{\"added\": {}}]', 11, 1),
(614, '2022-01-08 04:00:29.084809', 'Random access', 'Random access', 1, '[{\"added\": {}}]', 11, 1),
(615, '2022-01-08 04:00:41.708315', 'Reading and writing operations', 'Reading and writing operations', 1, '[{\"added\": {}}]', 11, 1),
(616, '2022-01-08 04:00:55.548208', 'File organization and access methods', 'File organization and access methods', 1, '[{\"added\": {}}]', 11, 1),
(617, '2022-01-08 04:01:11.303336', 'The symbol table', 'The symbol table', 1, '[{\"added\": {}}]', 11, 1),
(618, '2022-01-08 04:01:27.252275', 'Hashing Functions', 'Hashing Functions', 1, '[{\"added\": {}}]', 11, 1),
(619, '2022-01-08 04:01:39.037529', 'Collision', 'Collision', 1, '[{\"added\": {}}]', 11, 1),
(620, '2022-01-08 04:01:55.838143', 'Resolution Techniques', 'Resolution Techniques', 1, '[{\"added\": {}}]', 11, 1),
(621, '2022-01-08 04:05:54.102932', 'Identifiers, Literals, Variables', 'Identifiers, Literals, Variables', 1, '[{\"added\": {}}]', 11, 1),
(622, '2022-01-08 04:06:04.354148', 'Data types, Operators', 'Data types, Operators', 1, '[{\"added\": {}}]', 11, 1),
(623, '2022-01-08 04:06:15.277544', 'Control Statements (selection, Looping)', 'Control Statements (selection, Looping)', 1, '[{\"added\": {}}]', 11, 1),
(624, '2022-01-08 04:06:28.006208', 'Jumping Statements (break, continue, return)', 'Jumping Statements (break, continue, return)', 1, '[{\"added\": {}}]', 11, 1),
(625, '2022-01-08 04:06:41.541235', 'Array in Java', 'Array in Java', 1, '[{\"added\": {}}]', 11, 1),
(626, '2022-01-08 04:06:52.354579', 'Scope of variables', 'Scope of variables', 1, '[{\"added\": {}}]', 11, 1),
(627, '2022-01-08 04:07:32.323757', 'Command line arguments in java', 'Command line arguments in java', 1, '[{\"added\": {}}]', 11, 1),
(628, '2022-01-08 04:07:48.004783', 'Simple class, fields, Access Modifiers', 'Simple class, fields, Access Modifiers', 1, '[{\"added\": {}}]', 11, 1),
(629, '2022-01-08 04:10:39.616895', 'new operator', 'new operator', 1, '[{\"added\": {}}]', 11, 1),
(630, '2022-01-08 04:10:49.758100', 'methods', 'methods', 1, '[{\"added\": {}}]', 11, 1),
(631, '2022-01-08 04:11:11.097306', 'Overloading methods', 'Overloading methods', 1, '[{\"added\": {}}]', 11, 1),
(632, '2022-01-08 04:11:23.166059', 'Constructors', 'Constructors', 1, '[{\"added\": {}}]', 11, 1),
(633, '2022-01-08 04:11:38.664685', 'this keyword', 'this keyword', 1, '[{\"added\": {}}]', 11, 1),
(634, '2022-01-08 04:11:56.710111', 'static keyword', 'static keyword', 1, '[{\"added\": {}}]', 11, 1),
(635, '2022-01-08 04:12:16.985828', 'initialization block', 'initialization block', 1, '[{\"added\": {}}]', 11, 1),
(636, '2022-01-08 04:12:28.837259', 'Garbage collection & finalizer', 'Garbage collection & finalizer', 1, '[{\"added\": {}}]', 11, 1),
(637, '2022-01-08 04:12:46.090048', 'Nested class, Enum types', 'Nested class, Enum types', 1, '[{\"added\": {}}]', 11, 1),
(638, '2022-01-08 04:13:19.003898', 'Wrapper class', 'Wrapper class', 1, '[{\"added\": {}}]', 11, 1),
(639, '2022-01-08 04:13:30.284518', 'Narrowing & widening', 'Narrowing & widening', 1, '[{\"added\": {}}]', 11, 1),
(640, '2022-01-08 04:13:45.439645', 'Super and sub class', 'Super and sub class', 1, '[{\"added\": {}}]', 11, 1),
(641, '2022-01-08 04:13:57.809553', 'Method overriding', 'Method overriding', 1, '[{\"added\": {}}]', 11, 1),
(642, '2022-01-08 04:14:49.228939', 'Polymorphism in java', 'Polymorphism in java', 1, '[{\"added\": {}}]', 11, 1),
(643, '2022-01-08 04:15:01.598127', 'Super keyword', 'Super keyword', 1, '[{\"added\": {}}]', 11, 1),
(644, '2022-01-08 04:15:15.708486', 'Construct with inheritance', 'Construct with inheritance', 1, '[{\"added\": {}}]', 11, 1),
(645, '2022-01-08 04:15:28.144104', 'Final keyword', 'Final keyword', 1, '[{\"added\": {}}]', 11, 1),
(646, '2022-01-08 04:15:40.910552', 'Abstract method & abstract class', 'Abstract method & abstract class', 1, '[{\"added\": {}}]', 11, 1),
(647, '2022-01-08 04:16:01.655694', 'Dynamic binding, casting objects, instanceof operator', 'Dynamic binding, casting objects, instanceof operator', 1, '[{\"added\": {}}]', 11, 1),
(648, '2022-01-08 04:16:30.566375', 'Interface in java', 'Interface in java', 1, '[{\"added\": {}}]', 11, 1),
(649, '2022-01-08 04:16:41.066834', 'Interface vs abstract class', 'Interface vs abstract class', 1, '[{\"added\": {}}]', 11, 1),
(650, '2022-01-08 04:16:59.104873', 'Concrete class', 'Concrete class', 1, '[{\"added\": {}}]', 11, 1),
(651, '2022-01-08 04:17:14.243073', 'Multiple inheritance in java', 'Multiple inheritance in java', 1, '[{\"added\": {}}]', 11, 1),
(652, '2022-01-08 04:17:29.491296', 'Introduction to Packages', 'Introduction to Packages', 1, '[{\"added\": {}}]', 11, 1),
(653, '2022-01-08 04:17:49.015012', 'Naming rules', 'Naming rules', 1, '[{\"added\": {}}]', 11, 1),
(654, '2022-01-08 04:18:02.731121', 'Access protection', 'Access protection', 1, '[{\"added\": {}}]', 11, 1),
(655, '2022-01-08 04:18:16.062767', 'Type Import', 'Type Import', 1, '[{\"added\": {}}]', 11, 1),
(656, '2022-01-08 04:18:30.316704', 'static Import', 'static Import', 1, '[{\"added\": {}}]', 11, 1),
(657, '2022-01-08 04:18:39.798419', 'Interfaces', 'Interfaces', 1, '[{\"added\": {}}]', 11, 1),
(658, '2022-01-08 04:18:57.195316', 'Exception – Handling fundamental', 'Exception – Handling fundamental', 1, '[{\"added\": {}}]', 11, 1),
(659, '2022-01-08 04:19:21.757187', 'Exception & Errors in java', 'Exception & Errors in java', 1, '[{\"added\": {}}]', 11, 1),
(660, '2022-01-08 04:19:42.361724', 'Control flow in exception', 'Control flow in exception', 1, '[{\"added\": {}}]', 11, 1),
(661, '2022-01-08 04:20:31.094297', 'Checked and unchecked exception', 'Checked and unchecked exception', 1, '[{\"added\": {}}]', 11, 1),
(662, '2022-01-08 04:20:40.263597', 'Use of try, catch, throw, throws, finally', 'Use of try, catch, throw, throws, finally', 1, '[{\"added\": {}}]', 11, 1),
(663, '2022-01-08 04:20:51.585712', 'Creating your own exception sub classes', 'Creating your own exception sub classes', 1, '[{\"added\": {}}]', 11, 1),
(664, '2022-01-08 04:21:38.599623', 'Introduction in java', 'Introduction in java', 1, '[{\"added\": {}}]', 11, 1),
(665, '2022-01-08 04:21:50.283744', 'Constructors and methods', 'Constructors and methods', 1, '[{\"added\": {}}]', 11, 1),
(666, '2022-01-08 04:22:22.546880', 'StringBuffer class', 'StringBuffer class', 1, '[{\"added\": {}}]', 11, 1),
(667, '2022-01-08 04:22:40.015512', 'StringBuider class', 'StringBuider class', 1, '[{\"added\": {}}]', 11, 1),
(668, '2022-01-08 04:22:55.011976', 'Understanding threads / need of mullti-threading', 'Understanding threads / need of mullti-threading', 1, '[{\"added\": {}}]', 11, 1),
(669, '2022-01-08 04:23:04.753534', 'Thread model- Life cycle', 'Thread model- Life cycle', 1, '[{\"added\": {}}]', 11, 1),
(670, '2022-01-08 04:23:14.943989', 'Thread class', 'Thread class', 1, '[{\"added\": {}}]', 11, 1),
(671, '2022-01-08 04:23:24.467404', 'Runnable interface', 'Runnable interface', 1, '[{\"added\": {}}]', 11, 1),
(672, '2022-01-08 04:23:55.123074', 'Thread priorities', 'Thread priorities', 1, '[{\"added\": {}}]', 11, 1),
(673, '2022-01-08 04:24:03.844634', 'Synchronization', 'Synchronization', 1, '[{\"added\": {}}]', 11, 1),
(674, '2022-01-08 04:24:14.266524', 'Inter thread communication', 'Inter thread communication', 1, '[{\"added\": {}}]', 11, 1),
(675, '2022-01-08 04:24:24.112222', 'Deadlock in thread', 'Deadlock in thread', 1, '[{\"added\": {}}]', 11, 1),
(676, '2022-01-08 04:24:39.497475', 'Applet class basics / architecture', 'Applet class basics / architecture', 1, '[{\"added\": {}}]', 11, 1),
(677, '2022-01-08 04:24:48.558829', 'Skeleton', 'Skeleton', 1, '[{\"added\": {}}]', 11, 1),
(678, '2022-01-08 04:24:57.204657', 'Applet display methods', 'Applet display methods', 1, '[{\"added\": {}}]', 11, 1),
(679, '2022-01-08 04:25:09.931097', 'Embedded applet into web-page', 'Embedded applet into web-page', 1, '[{\"added\": {}}]', 11, 1),
(680, '2022-01-08 04:25:22.151251', 'Graphics class', 'Graphics class', 1, '[{\"added\": {}}]', 11, 1),
(681, '2022-01-08 04:25:35.945962', 'Update, paint, repaint method', 'Update, paint, repaint method', 1, '[{\"added\": {}}]', 11, 1),
(682, '2022-01-08 04:25:47.585445', 'Passing parameters to applets getparameter() method', 'Passing parameters to applets getparameter() method', 1, '[{\"added\": {}}]', 11, 1),
(683, '2022-01-08 04:25:57.900507', 'Animation with the applet', 'Animation with the applet', 1, '[{\"added\": {}}]', 11, 1),
(684, '2022-01-08 04:26:08.054202', 'Small game', 'Small game', 1, '[{\"added\": {}}]', 11, 1),
(685, '2022-01-08 04:26:19.609093', 'Simple generic example', 'Simple generic example', 1, '[{\"added\": {}}]', 11, 1),
(686, '2022-01-08 04:26:33.509978', 'Generic class with multiple arguments', 'Generic class with multiple arguments', 1, '[{\"added\": {}}]', 11, 1),
(687, '2022-01-08 04:26:46.630415', 'Bounded generics', 'Bounded generics', 1, '[{\"added\": {}}]', 11, 1),
(688, '2022-01-08 04:26:56.763722', 'Wildcard arguments', 'Wildcard arguments', 1, '[{\"added\": {}}]', 11, 1),
(689, '2022-01-08 04:27:07.972944', 'Bounded wildcard', 'Bounded wildcard', 1, '[{\"added\": {}}]', 11, 1),
(690, '2022-01-08 04:27:23.630587', 'Generic method', 'Generic method', 1, '[{\"added\": {}}]', 11, 1),
(691, '2022-01-08 04:27:33.579478', 'Static generic method', 'Static generic method', 1, '[{\"added\": {}}]', 11, 1),
(692, '2022-01-08 04:27:45.056313', 'Erasure', 'Erasure', 1, '[{\"added\": {}}]', 11, 1),
(693, '2022-01-08 04:27:58.218752', 'Generic with inheritance', 'Generic with inheritance', 1, '[{\"added\": {}}]', 11, 1),
(694, '2022-01-08 04:28:12.229220', 'Bridge Methods', 'Bridge Methods', 1, '[{\"added\": {}}]', 11, 1),
(695, '2022-01-08 04:28:22.643765', 'Restrictions on generics', 'Restrictions on generics', 1, '[{\"added\": {}}]', 11, 1),
(696, '2022-01-08 04:28:34.439407', 'Raw types', 'Raw types', 1, '[{\"added\": {}}]', 11, 1),
(697, '2022-01-08 04:29:01.553198', 'Utility methods of the array', 'Utility methods of the array', 1, '[{\"added\": {}}]', 11, 1),
(698, '2022-01-08 04:29:14.089090', 'Date & time', 'Date & time', 1, '[{\"added\": {}}]', 11, 1),
(699, '2022-01-08 04:29:51.007554', 'Scanner class', 'Scanner class', 1, '[{\"added\": {}}]', 11, 1),
(700, '2022-01-08 04:30:06.181494', 'File class', 'File class', 1, '[{\"added\": {}}]', 11, 1),
(701, '2022-01-08 04:30:16.266615', 'Stream classes', 'Stream classes', 1, '[{\"added\": {}}]', 11, 1),
(702, '2022-01-08 04:30:28.512254', 'Reader/writer classes', 'Reader/writer classes', 1, '[{\"added\": {}}]', 11, 1),
(703, '2022-01-08 04:30:38.171822', 'Random access files', 'Random access files', 1, '[{\"added\": {}}]', 11, 1),
(704, '2022-01-08 04:30:49.354634', 'GUI Basics', 'GUI Basics', 1, '[{\"added\": {}}]', 11, 1),
(705, '2022-01-08 04:31:02.389481', 'GUI components – AWT', 'GUI components – AWT', 1, '[{\"added\": {}}]', 11, 1),
(706, '2022-01-08 04:31:13.891211', 'Layout manager in JAVA', 'Layout manager in JAVA', 1, '[{\"added\": {}}]', 11, 1),
(707, '2022-01-08 04:31:26.745182', 'Adding menus to window', 'Adding menus to window', 1, '[{\"added\": {}}]', 11, 1),
(708, '2022-01-08 04:35:11.405276', 'Introduction to Swing', 'Introduction to Swing', 1, '[{\"added\": {}}]', 11, 1),
(709, '2022-01-08 04:35:43.642074', 'Images in java', 'Images in java', 1, '[{\"added\": {}}]', 11, 1),
(710, '2022-01-08 05:51:12.196535', 'Event-driver programming', 'Event-driver programming', 1, '[{\"added\": {}}]', 11, 1),
(711, '2022-01-08 05:51:22.998736', 'The delegation model', 'The delegation model', 1, '[{\"added\": {}}]', 11, 1),
(712, '2022-01-08 05:51:47.822253', 'Event classes & listeners', 'Event classes & listeners', 1, '[{\"added\": {}}]', 11, 1),
(713, '2022-01-08 05:52:05.807289', 'Adapter classes', 'Adapter classes', 1, '[{\"added\": {}}]', 11, 1),
(714, '2022-01-08 12:18:27.495955', 'Database', 'Database', 1, '[{\"added\": {}}]', 11, 1),
(715, '2022-01-08 12:18:51.025934', 'Database concept', 'Database concept', 1, '[{\"added\": {}}]', 11, 1),
(716, '2022-01-08 12:19:18.138532', 'Purpose of DBMS', 'Purpose of DBMS', 1, '[{\"added\": {}}]', 11, 1),
(717, '2022-01-08 12:19:32.430902', 'Database components and Layer', 'Database components and Layer', 1, '[{\"added\": {}}]', 11, 1),
(718, '2022-01-08 12:19:48.367602', 'Database Architecture', 'Database Architecture', 1, '[{\"added\": {}}]', 11, 1),
(719, '2022-01-08 12:20:28.105570', 'Database Model', 'Database Model', 1, '[{\"added\": {}}]', 11, 1),
(720, '2022-01-08 12:23:32.116553', 'Database users and DBA', 'Database users and DBA', 1, '[{\"added\": {}}]', 11, 1),
(721, '2022-01-08 12:24:29.320428', 'Database users and DBA', 'Database users and DBA', 1, '[{\"added\": {}}]', 11, 1),
(722, '2022-01-08 12:24:47.508211', 'Relation', 'Relation', 1, '[{\"added\": {}}]', 11, 1),
(723, '2022-01-08 12:24:58.397167', 'Keys', 'Keys', 1, '[{\"added\": {}}]', 11, 1),
(724, '2022-01-08 12:25:07.368850', 'Relational Model', 'Relational Model', 1, '[{\"added\": {}}]', 11, 1),
(725, '2022-01-08 12:25:16.590939', 'Structure of Relational Database', 'Structure of Relational Database', 1, '[{\"added\": {}}]', 11, 1),
(726, '2022-01-08 12:25:25.885533', 'Relation Algebra syntax', 'Relation Algebra syntax', 1, '[{\"added\": {}}]', 11, 1),
(727, '2022-01-08 12:25:41.008686', 'Relational Algebra Queries', 'Relational Algebra Queries', 1, '[{\"added\": {}}]', 11, 1),
(728, '2022-01-08 12:25:53.968900', 'Basic concept', 'Basic concept', 1, '[{\"added\": {}}]', 11, 1),
(729, '2022-01-08 12:26:04.592268', 'Design process', 'Design process', 1, '[{\"added\": {}}]', 11, 1),
(730, '2022-01-08 12:26:16.860479', 'E-R diagram', 'E-R diagram', 1, '[{\"added\": {}}]', 11, 1),
(731, '2022-01-08 12:26:30.211039', 'different types of entities & relationships', 'different types of entities & relationships', 1, '[{\"added\": {}}]', 11, 1),
(732, '2022-01-08 12:26:40.784680', 'week entity set', 'week entity set', 1, '[{\"added\": {}}]', 11, 1),
(733, '2022-01-08 12:26:56.826557', 'Extended E-R features', 'Extended E-R features', 1, '[{\"added\": {}}]', 11, 1),
(734, '2022-01-08 12:27:08.819885', 'Constraints of IS-A relationship', 'Constraints of IS-A relationship', 1, '[{\"added\": {}}]', 11, 1),
(735, '2022-01-08 12:27:19.366401', 'Reduction of E-R database schema', 'Reduction of E-R database schema', 1, '[{\"added\": {}}]', 11, 1),
(736, '2022-01-08 12:27:37.123360', 'Function dependency', 'Function dependency', 1, '[{\"added\": {}}]', 11, 1),
(737, '2022-01-08 12:27:47.807762', 'Dependency preservation', 'Dependency preservation', 1, '[{\"added\": {}}]', 11, 1),
(738, '2022-01-08 12:28:13.015517', 'Lossless and lossy decomposition', 'Lossless and lossy decomposition', 1, '[{\"added\": {}}]', 11, 1),
(739, '2022-01-08 12:28:26.539540', 'Multivalued dependency', 'Multivalued dependency', 1, '[{\"added\": {}}]', 11, 1),
(740, '2022-01-08 12:28:39.120660', 'Normalization - 1NF, 2NF, 3NF, BCNF, 4NF, 5NF', 'Normalization - 1NF, 2NF, 3NF, BCNF, 4NF, 5NF', 1, '[{\"added\": {}}]', 11, 1),
(741, '2022-01-08 12:28:58.480387', 'datatype', 'datatype', 1, '[{\"added\": {}}]', 11, 1),
(742, '2022-01-08 12:29:10.548370', 'SQL Languages : DDL, DML, DCL, TCL, DQL', 'SQL Languages : DDL, DML, DCL, TCL, DQL', 1, '[{\"added\": {}}]', 11, 1),
(743, '2022-01-08 12:29:23.275792', 'Create, Alter, Drop, Rename , Add column', 'Create, Alter, Drop, Rename , Add column', 1, '[{\"added\": {}}]', 11, 1),
(744, '2022-01-08 12:29:37.127185', 'Insert, Update, Delete Queries', 'Insert, Update, Delete Queries', 1, '[{\"added\": {}}]', 11, 1),
(745, '2022-01-08 12:29:49.249957', 'distinct', 'distinct', 1, '[{\"added\": {}}]', 11, 1),
(746, '2022-01-08 12:30:00.978482', 'order by', 'order by', 1, '[{\"added\": {}}]', 11, 1),
(747, '2022-01-08 12:30:16.205568', 'truncate and delete command difference', 'truncate and delete command difference', 1, '[{\"added\": {}}]', 11, 1),
(748, '2022-01-08 12:30:32.185779', 'NULL value – IS NULL / IS NOT NULL', 'NULL value – IS NULL / IS NOT NULL', 1, '[{\"added\": {}}]', 11, 1),
(749, '2022-01-08 12:30:45.567542', 'LIKE - LIKE with escape – NOT LIKE escape \'\'\'', 'LIKE - LIKE with escape – NOT LIKE escape \'\'\'', 1, '[{\"added\": {}}]', 11, 1),
(750, '2022-01-08 12:30:56.644012', 'alias name', 'alias name', 1, '[{\"added\": {}}]', 11, 1),
(751, '2022-01-08 12:31:07.100465', 'and / or / not', 'and / or / not', 1, '[{\"added\": {}}]', 11, 1),
(752, '2022-01-08 12:31:17.745169', 'not in / in operator', 'not in / in operator', 1, '[{\"added\": {}}]', 11, 1),
(753, '2022-01-08 12:31:29.134243', 'Arithmetic operator (+,-,*,/,=,!=)', 'Arithmetic operator (+,-,*,/,=,!=)', 1, '[{\"added\": {}}]', 11, 1),
(754, '2022-01-08 12:31:40.072861', 'between operator', 'between operator', 1, '[{\"added\": {}}]', 11, 1),
(755, '2022-01-08 12:31:50.657498', 'dual table', 'dual table', 1, '[{\"added\": {}}]', 11, 1),
(756, '2022-01-08 12:32:01.430869', 'in-built function', 'in-built function', 1, '[{\"added\": {}}]', 11, 1),
(757, '2022-01-08 12:32:13.087214', 'Constraints with system table entry', 'Constraints with system table entry', 1, '[{\"added\": {}}]', 11, 1),
(758, '2022-01-08 12:32:28.060598', 'group by', 'group by', 1, '[{\"added\": {}}]', 11, 1),
(759, '2022-01-08 12:32:41.540540', 'having by', 'having by', 1, '[{\"added\": {}}]', 11, 1),
(760, '2022-01-08 12:32:51.493836', 'Joins ( inner , left , right , full)', 'Joins ( inner , left , right , full)', 1, '[{\"added\": {}}]', 11, 1),
(761, '2022-01-08 12:33:02.321351', 'set operators (Union / union all / intersect / minus)', 'set operators (Union / union all / intersect / minus)', 1, '[{\"added\": {}}]', 11, 1),
(762, '2022-01-08 12:33:16.510344', 'Any / all', 'Any / all', 1, '[{\"added\": {}}]', 11, 1),
(763, '2022-01-08 12:33:28.679591', 'case when', 'case when', 1, '[{\"added\": {}}]', 11, 1),
(764, '2022-01-08 12:33:39.121727', 'with clause', 'with clause', 1, '[{\"added\": {}}]', 11, 1),
(765, '2022-01-08 12:33:49.980758', 'sub query / nested query and co-related sub-query', 'sub query / nested query and co-related sub-query', 1, '[{\"added\": {}}]', 11, 1),
(766, '2022-01-08 12:33:59.477224', 'EXISTS / NOT EXISTS', 'EXISTS / NOT EXISTS', 1, '[{\"added\": {}}]', 11, 1),
(767, '2022-01-08 12:34:10.102165', 'View', 'View', 1, '[{\"added\": {}}]', 11, 1),
(768, '2022-01-08 12:34:19.217299', 'Index', 'Index', 1, '[{\"added\": {}}]', 11, 1),
(769, '2022-01-08 12:34:31.222557', 'sequence', 'sequence', 1, '[{\"added\": {}}]', 11, 1),
(770, '2022-01-08 12:34:42.349016', 'materialized view', 'materialized view', 1, '[{\"added\": {}}]', 11, 1),
(771, '2022-01-08 12:34:55.440898', 'DCL concept', 'DCL concept', 1, '[{\"added\": {}}]', 11, 1),
(772, '2022-01-08 12:35:04.637912', 'Discretionary access control', 'Discretionary access control', 1, '[{\"added\": {}}]', 11, 1),
(773, '2022-01-08 12:35:15.799168', 'Mandatory access control', 'Mandatory access control', 1, '[{\"added\": {}}]', 11, 1),
(774, '2022-01-08 12:35:27.127879', 'Role-based access control', 'Role-based access control', 1, '[{\"added\": {}}]', 11, 1),
(775, '2022-01-08 12:35:39.014150', 'Grant / Revoke command', 'Grant / Revoke command', 1, '[{\"added\": {}}]', 11, 1),
(776, '2022-01-08 12:35:48.250624', 'set role', 'set role', 1, '[{\"added\": {}}]', 11, 1),
(777, '2022-01-08 12:35:58.939435', 'create user', 'create user', 1, '[{\"added\": {}}]', 11, 1),
(778, '2022-01-08 12:36:12.620669', 'PL/SQL block concept', 'PL/SQL block concept', 1, '[{\"added\": {}}]', 11, 1),
(779, '2022-01-08 12:36:33.565254', 'PL/SQL conditional statements', 'PL/SQL conditional statements', 1, '[{\"added\": {}}]', 11, 1),
(780, '2022-01-08 12:36:45.606995', 'Cursors', 'Cursors', 1, '[{\"added\": {}}]', 11, 1),
(781, '2022-01-08 12:36:56.852136', 'Procedure', 'Procedure', 1, '[{\"added\": {}}]', 11, 1),
(782, '2022-01-08 12:37:14.899521', 'Function in DBMS', 'Function in DBMS', 1, '[{\"added\": {}}]', 11, 1),
(783, '2022-01-08 12:37:23.208046', 'Package', 'Package', 1, '[{\"added\": {}}]', 11, 1),
(784, '2022-01-08 12:37:32.005335', 'Trigger', 'Trigger', 1, '[{\"added\": {}}]', 11, 1),
(785, '2022-01-08 12:39:32.644617', 'Exception handling', 'Exception handling', 1, '[{\"added\": {}}]', 11, 1),
(786, '2022-01-08 12:39:44.376574', 'Array Type', 'Array Type', 1, '[{\"added\": {}}]', 11, 1),
(787, '2022-01-08 12:43:39.499980', 'TCL command', 'TCL command', 1, '[{\"added\": {}}]', 11, 1),
(788, '2022-01-08 12:43:51.552117', 'Transaction management', 'Transaction management', 1, '[{\"added\": {}}]', 11, 1),
(789, '2022-01-08 12:44:02.105532', 'ACID property', 'ACID property', 1, '[{\"added\": {}}]', 11, 1),
(790, '2022-01-08 12:44:12.551371', 'Schedule', 'Schedule', 1, '[{\"added\": {}}]', 11, 1),
(791, '2022-01-08 12:44:25.021376', 'Serializability and testing od serializability', 'Serializability and testing od serializability', 1, '[{\"added\": {}}]', 11, 1),
(792, '2022-01-08 12:44:38.269138', 'state if transactions', 'state if transactions', 1, '[{\"added\": {}}]', 11, 1),
(793, '2022-01-08 12:44:49.396447', 'concurrent executions of transactions and related problems', 'concurrent executions of transactions and related problems', 1, '[{\"added\": {}}]', 11, 1),
(794, '2022-01-08 12:45:02.893237', 'solution to concurrency related problems and concurrency control techniques', 'solution to concurrency related problems and concurrency control techniques', 1, '[{\"added\": {}}]', 11, 1),
(795, '2022-01-08 12:45:13.693208', 'Deadlock', 'Deadlock', 1, '[{\"added\": {}}]', 11, 1),
(796, '2022-01-08 12:45:26.157669', 'Deadlock detection', 'Deadlock detection', 1, '[{\"added\": {}}]', 11, 1),
(797, '2022-01-08 12:45:37.333933', 'Techniques to control deadlock', 'Techniques to control deadlock', 1, '[{\"added\": {}}]', 11, 1),
(798, '2022-01-08 12:45:52.459510', 'Starvation', 'Starvation', 1, '[{\"added\": {}}]', 11, 1),
(799, '2022-01-08 12:46:01.756201', 'Deadlock Recovery', 'Deadlock Recovery', 1, '[{\"added\": {}}]', 11, 1),
(800, '2022-01-08 12:46:12.948551', 'Database Recovery - Log based Recovery', 'Database Recovery - Log based Recovery', 1, '[{\"added\": {}}]', 11, 1),
(801, '2022-01-10 09:12:16.069472', 'Advance Java', 'Advance Java', 1, '[{\"added\": {}}]', 7, 1),
(802, '2022-01-10 09:12:49.197670', 'Data analytics with python', 'Data analytics with python', 1, '[{\"added\": {}}]', 7, 1),
(803, '2022-01-10 09:13:11.442348', 'Machine Learning', 'Machine Learning', 1, '[{\"added\": {}}]', 7, 1),
(804, '2022-01-10 09:14:24.888124', 'Database Management System', 'Database Management System', 1, '[{\"added\": {}}]', 7, 1),
(805, '2022-01-10 09:14:55.979627', 'Data Science', 'Data Science', 1, '[{\"added\": {}}]', 7, 1),
(806, '2022-01-10 09:15:22.088384', 'PHP', 'PHP', 1, '[{\"added\": {}}]', 7, 1);

-- --------------------------------------------------------

--
-- Table structure for table `django_content_type`
--

DROP TABLE IF EXISTS `django_content_type`;
CREATE TABLE IF NOT EXISTS `django_content_type` (
  `id` int(11) NOT NULL AUTO_INCREMENT,
  `app_label` varchar(100) NOT NULL,
  `model` varchar(100) NOT NULL,
  PRIMARY KEY (`id`),
  UNIQUE KEY `django_content_type_app_label_model_76bd3d3b_uniq` (`app_label`,`model`)
) ENGINE=InnoDB AUTO_INCREMENT=18 DEFAULT CHARSET=latin1;

--
-- Dumping data for table `django_content_type`
--

INSERT INTO `django_content_type` (`id`, `app_label`, `model`) VALUES
(1, 'admin', 'logentry'),
(3, 'auth', 'group'),
(2, 'auth', 'permission'),
(4, 'auth', 'user'),
(5, 'contenttypes', 'contenttype'),
(6, 'sessions', 'session'),
(17, 'website', 'batchbanner'),
(15, 'website', 'blogs'),
(12, 'website', 'careeropportunities'),
(10, 'website', 'coursecovermaintopic'),
(11, 'website', 'coursecoversubtopic'),
(7, 'website', 'courseoverview'),
(8, 'website', 'courses'),
(9, 'website', 'coursescategory'),
(14, 'website', 'event'),
(16, 'website', 'review'),
(13, 'website', 'trendingcourses');

-- --------------------------------------------------------

--
-- Table structure for table `django_migrations`
--

DROP TABLE IF EXISTS `django_migrations`;
CREATE TABLE IF NOT EXISTS `django_migrations` (
  `id` bigint(20) NOT NULL AUTO_INCREMENT,
  `app` varchar(255) NOT NULL,
  `name` varchar(255) NOT NULL,
  `applied` datetime(6) NOT NULL,
  PRIMARY KEY (`id`)
) ENGINE=InnoDB AUTO_INCREMENT=19 DEFAULT CHARSET=latin1;

--
-- Dumping data for table `django_migrations`
--

INSERT INTO `django_migrations` (`id`, `app`, `name`, `applied`) VALUES
(1, 'contenttypes', '0001_initial', '2021-08-08 17:00:07.681545'),
(2, 'auth', '0001_initial', '2021-08-08 17:00:08.273599'),
(3, 'admin', '0001_initial', '2021-08-08 17:00:08.429121'),
(4, 'admin', '0002_logentry_remove_auto_add', '2021-08-08 17:00:08.438719'),
(5, 'admin', '0003_logentry_add_action_flag_choices', '2021-08-08 17:00:08.452464'),
(6, 'contenttypes', '0002_remove_content_type_name', '2021-08-08 17:00:08.589522'),
(7, 'auth', '0002_alter_permission_name_max_length', '2021-08-08 17:00:08.614696'),
(8, 'auth', '0003_alter_user_email_max_length', '2021-08-08 17:00:08.639816'),
(9, 'auth', '0004_alter_user_username_opts', '2021-08-08 17:00:08.653091'),
(10, 'auth', '0005_alter_user_last_login_null', '2021-08-08 17:00:08.715424'),
(11, 'auth', '0006_require_contenttypes_0002', '2021-08-08 17:00:08.719269'),
(12, 'auth', '0007_alter_validators_add_error_messages', '2021-08-08 17:00:08.734059'),
(13, 'auth', '0008_alter_user_username_max_length', '2021-08-08 17:00:08.764011'),
(14, 'auth', '0009_alter_user_last_name_max_length', '2021-08-08 17:00:08.795960'),
(15, 'auth', '0010_alter_group_name_max_length', '2021-08-08 17:00:08.823534'),
(16, 'auth', '0011_update_proxy_permissions', '2021-08-08 17:00:08.839729'),
(17, 'auth', '0012_alter_user_first_name_max_length', '2021-08-08 17:00:08.867212'),
(18, 'sessions', '0001_initial', '2021-08-08 17:00:08.927851');

-- --------------------------------------------------------

--
-- Table structure for table `django_session`
--

DROP TABLE IF EXISTS `django_session`;
CREATE TABLE IF NOT EXISTS `django_session` (
  `session_key` varchar(40) NOT NULL,
  `session_data` longtext NOT NULL,
  `expire_date` datetime(6) NOT NULL,
  PRIMARY KEY (`session_key`),
  KEY `django_session_expire_date_a5c62663` (`expire_date`)
) ENGINE=InnoDB DEFAULT CHARSET=latin1;

--
-- Dumping data for table `django_session`
--

INSERT INTO `django_session` (`session_key`, `session_data`, `expire_date`) VALUES
('88dohvibgpep7rtoi7f62vbtql2hnj0e', '.eJxVjDsOwjAQBe_iGlnrv01JnzNYu1mDA8iR4qRC3B0ipYD2zcx7iYzbWvPWy5InFmehxOl3Ixwfpe2A79husxznti4TyV2RB-1ymLk8L4f7d1Cx12-dLCQgg4rQBsZARl8LBG-KAh_AOwcUFSZQ0aboiEEDGo06GNKcrHh_ALx7NpE:1mt4SA:PE-3KtTmD6DL08QZGCmFLu61o0c_MSxtTGkqQs0iVpg', '2021-12-17 09:02:02.079374'),
('91ikthnlyjkh1brrydj4nxk369536sif', '.eJxVjDsOwjAQBe_iGlnrv01JnzNYu1mDA8iR4qRC3B0ipYD2zcx7iYzbWvPWy5InFmehxOl3Ixwfpe2A79husxznti4TyV2RB-1ymLk8L4f7d1Cx12-dLCQgg4rQBsZARl8LBG-KAh_AOwcUFSZQ0aboiEEDGo06GNKcrHh_ALx7NpE:1mxki1:56CUFrlHsd3auClgFR9QCdHizpCgbQY-piGvmZa0ty8', '2021-12-30 06:57:45.488079'),
('azb8bqnqhbd8imhbcryv6jjrfxun9ri8', '.eJxVjDsOwjAQBe_iGlnrv01JnzNYu1mDA8iR4qRC3B0ipYD2zcx7iYzbWvPWy5InFmehxOl3Ixwfpe2A79husxznti4TyV2RB-1ymLk8L4f7d1Cx12-dLCQgg4rQBsZARl8LBG-KAh_AOwcUFSZQ0aboiEEDGo06GNKcrHh_ALx7NpE:1mCneI:_TPanzOGvMClxBDdz84okt1tYQ_nhxChNq40_Kz3DHA', '2021-08-22 18:35:50.575407'),
('ey39yzztrsvde2ttskfxr4cxklggaaty', '.eJxVjDsOwjAQBe_iGlnrv01JnzNYu1mDA8iR4qRC3B0ipYD2zcx7iYzbWvPWy5InFmehxOl3Ixwfpe2A79husxznti4TyV2RB-1ymLk8L4f7d1Cx12-dLCQgg4rQBsZARl8LBG-KAh_AOwcUFSZQ0aboiEEDGo06GNKcrHh_ALx7NpE:1mI1ov:nRzToZvlpUhIdIs_s1tET4dZkVT4yOH7ZIIC8MB88II', '2021-09-06 04:44:25.310922'),
('fz799y5x51b0nxxv16dljngj9ekvoxks', '.eJxVjDsOwjAQBe_iGlnrv01JnzNYu1mDA8iR4qRC3B0ipYD2zcx7iYzbWvPWy5InFmehxOl3Ixwfpe2A79husxznti4TyV2RB-1ymLk8L4f7d1Cx12-dLCQgg4rQBsZARl8LBG-KAh_AOwcUFSZQ0aboiEEDGo06GNKcrHh_ALx7NpE:1mVorQ:pxS3tBr1uzqvoBHdxtgKZmtQe-vPlS3AGbFk9PysEIY', '2021-10-14 05:44:00.146678'),
('gruix5evqonxv0ouz41lj4yhv9wleo2g', '.eJxVjDsOwjAQBe_iGlnrv01JnzNYu1mDA8iR4qRC3B0ipYD2zcx7iYzbWvPWy5InFmehxOl3Ixwfpe2A79husxznti4TyV2RB-1ymLk8L4f7d1Cx12-dLCQgg4rQBsZARl8LBG-KAh_AOwcUFSZQ0aboiEEDGo06GNKcrHh_ALx7NpE:1mQjTE:mbmdFkUVehzxh9o8j1T9XCYMI_Mu8N84u93q3U0CfY4', '2021-09-30 04:58:00.880799'),
('hi78qsena7giuwtktuhiuhumpvml8w5o', '.eJxVjDsOwjAQBe_iGlnrv01JnzNYu1mDA8iR4qRC3B0ipYD2zcx7iYzbWvPWy5InFmehxOl3Ixwfpe2A79husxznti4TyV2RB-1ymLk8L4f7d1Cx12-dLCQgg4rQBsZARl8LBG-KAh_AOwcUFSZQ0aboiEEDGo06GNKcrHh_ALx7NpE:1n38ue:4H7xg2MM5mFJhT621rrSoqwOjy100_wPo_Q3QqerkFg', '2022-01-14 03:49:04.203690'),
('m0tfl561h8rbdxi4xzc70ozv2k1n6ubg', '.eJxVjDsOwjAQBe_iGlnrv01JnzNYu1mDA8iR4qRC3B0ipYD2zcx7iYzbWvPWy5InFmehxOl3Ixwfpe2A79husxznti4TyV2RB-1ymLk8L4f7d1Cx12-dLCQgg4rQBsZARl8LBG-KAh_AOwcUFSZQ0aboiEEDGo06GNKcrHh_ALx7NpE:1n6qiP:NJtCQ3NEaN89hSAfBUxlY9UemqStCNvw_NBshxbgYrU', '2022-01-24 09:11:45.121392'),
('pkqfnh4lxwkm623b651he131evvrrvk2', '.eJxVjDsOwjAQBe_iGlnrv01JnzNYu1mDA8iR4qRC3B0ipYD2zcx7iYzbWvPWy5InFmehxOl3Ixwfpe2A79husxznti4TyV2RB-1ymLk8L4f7d1Cx12-dLCQgg4rQBsZARl8LBG-KAh_AOwcUFSZQ0aboiEEDGo06GNKcrHh_ALx7NpE:1mrZVN:sUxKS3iLq1H3k2rJonVmzKlUuIXMl3CstR50C24NjUg', '2021-12-13 05:47:09.718619'),
('toxumb56gbewpq34k8uzpk1982m1f8hf', '.eJxVjDsOwjAQBe_iGlnrv01JnzNYu1mDA8iR4qRC3B0ipYD2zcx7iYzbWvPWy5InFmehxOl3Ixwfpe2A79husxznti4TyV2RB-1ymLk8L4f7d1Cx12-dLCQgg4rQBsZARl8LBG-KAh_AOwcUFSZQ0aboiEEDGo06GNKcrHh_ALx7NpE:1n4xHJ:69Sv4A3g7MT5kAKqm2kQN5J7gqLXXr_U3m0bKoU8BFE', '2022-01-19 03:47:57.846948'),
('zm1dz18ypv5owv7gyk5ge5stydwlducq', '.eJxVjDsOwjAQBe_iGlnrv01JnzNYu1mDA8iR4qRC3B0ipYD2zcx7iYzbWvPWy5InFmehxOl3Ixwfpe2A79husxznti4TyV2RB-1ymLk8L4f7d1Cx12-dLCQgg4rQBsZARl8LBG-KAh_AOwcUFSZQ0aboiEEDGo06GNKcrHh_ALx7NpE:1mu4K5:Ut_n4OCpMwaGoTgPZBT18SGrGUelPB4hLQJkJX85n4o', '2021-12-20 03:05:49.914469');

-- --------------------------------------------------------

--
-- Table structure for table `event`
--

DROP TABLE IF EXISTS `event`;
CREATE TABLE IF NOT EXISTS `event` (
  `event_name` varchar(255) NOT NULL,
  `event_description` varchar(300) NOT NULL,
  `event_start_time` time NOT NULL,
  `event_end_time` time NOT NULL,
  `event_venue` varchar(255) NOT NULL,
  `event_link` text NOT NULL,
  `event_date` date NOT NULL,
  PRIMARY KEY (`event_name`)
) ENGINE=InnoDB DEFAULT CHARSET=latin1;

--
-- Dumping data for table `event`
--

INSERT INTO `event` (`event_name`, `event_description`, `event_start_time`, `event_end_time`, `event_venue`, `event_link`, `event_date`) VALUES
('Cybersecurity workshop', 'Usage of tools', '15:21:39', '00:00:00', 'Zoom', 'https://www.youtube.com/', '2021-10-04'),
('Python Basics', 'Beginner python', '12:40:56', '12:40:58', 'Meet', 'aaa', '2021-10-15'),
('Test workshop', 'Test Test Test', '17:13:34', '17:13:35', 'Discord', 'aaa', '2021-10-09'),
('Workshop on ds', 'DS libraries', '06:00:00', '15:20:52', 'Youtube', 'https://www.instagram.com/', '2021-10-07'),
('Workshop on java', 'Introduction to java', '17:30:42', '17:30:44', 'Zoom', 'www.google.com', '1899-11-22');

-- --------------------------------------------------------

--
-- Table structure for table `review`
--

DROP TABLE IF EXISTS `review`;
CREATE TABLE IF NOT EXISTS `review` (
  `id` int(11) NOT NULL AUTO_INCREMENT,
  `name` varchar(100) NOT NULL,
  `review` text NOT NULL,
  `position` varchar(100) DEFAULT NULL,
  `link` text NOT NULL,
  PRIMARY KEY (`id`)
) ENGINE=InnoDB AUTO_INCREMENT=3 DEFAULT CHARSET=latin1;

--
-- Dumping data for table `review`
--

INSERT INTO `review` (`id`, `name`, `review`, `position`, `link`) VALUES
(1, 'John Doe', 'Lorem ipsum is a placeholder text commonly used to demonstrate the visual form of a document or a typeface without relying on meaningful content. Lorem ipsum may be used as a placeholder before final copy is available.', 'Ceo , company', 'https://www.google.com/'),
(2, 'Keval', 'Lorem ipsum dolor sit amet, consectetur adipiscing elit, sed do eiusmod tempor incididunt ut labore et dolore magna aliqua. Ut enim ad minim veniam, quis nostrud exercitation ullamco laboris nisi ut aliquip ex ea commodo consequat. Duis aute irure dolor in reprehenderit in voluptate velit esse cillum dolore eu fugiat nulla pariatur. Excepteur sint occaecat cupidatat non proident, sunt in culpa qui officia deserunt mollit anim id est laborum.', 'Student', 'https://kevalvavaliya.github.io/');

-- --------------------------------------------------------

--
-- Table structure for table `trending_courses`
--

DROP TABLE IF EXISTS `trending_courses`;
CREATE TABLE IF NOT EXISTS `trending_courses` (
  `course_name` varchar(255) NOT NULL,
  PRIMARY KEY (`course_name`)
) ENGINE=InnoDB DEFAULT CHARSET=latin1;

--
-- Dumping data for table `trending_courses`
--

INSERT INTO `trending_courses` (`course_name`) VALUES
('Advance Java'),
('Android'),
('Flutter');

--
-- Constraints for dumped tables
--

--
-- Constraints for table `auth_group_permissions`
--
ALTER TABLE `auth_group_permissions`
  ADD CONSTRAINT `auth_group_permissio_permission_id_84c5c92e_fk_auth_perm` FOREIGN KEY (`permission_id`) REFERENCES `auth_permission` (`id`),
  ADD CONSTRAINT `auth_group_permissions_group_id_b120cbf9_fk_auth_group_id` FOREIGN KEY (`group_id`) REFERENCES `auth_group` (`id`);

--
-- Constraints for table `auth_permission`
--
ALTER TABLE `auth_permission`
  ADD CONSTRAINT `auth_permission_content_type_id_2f476e4b_fk_django_co` FOREIGN KEY (`content_type_id`) REFERENCES `django_content_type` (`id`);

--
-- Constraints for table `auth_user_groups`
--
ALTER TABLE `auth_user_groups`
  ADD CONSTRAINT `auth_user_groups_group_id_97559544_fk_auth_group_id` FOREIGN KEY (`group_id`) REFERENCES `auth_group` (`id`),
  ADD CONSTRAINT `auth_user_groups_user_id_6a12ed8b_fk_auth_user_id` FOREIGN KEY (`user_id`) REFERENCES `auth_user` (`id`);

--
-- Constraints for table `auth_user_user_permissions`
--
ALTER TABLE `auth_user_user_permissions`
  ADD CONSTRAINT `auth_user_user_permi_permission_id_1fbb5f2c_fk_auth_perm` FOREIGN KEY (`permission_id`) REFERENCES `auth_permission` (`id`),
  ADD CONSTRAINT `auth_user_user_permissions_user_id_a95ead1b_fk_auth_user_id` FOREIGN KEY (`user_id`) REFERENCES `auth_user` (`id`);

--
-- Constraints for table `career-opportunities`
--
ALTER TABLE `career-opportunities`
  ADD CONSTRAINT `coursename` FOREIGN KEY (`course`) REFERENCES `courses` (`course_name`) ON DELETE CASCADE ON UPDATE CASCADE;

--
-- Constraints for table `course-cover-main-topic`
--
ALTER TABLE `course-cover-main-topic`
  ADD CONSTRAINT `course-cover-main-topic_ibfk_1` FOREIGN KEY (`course`) REFERENCES `courses` (`course_name`) ON DELETE CASCADE ON UPDATE CASCADE;

--
-- Constraints for table `course-cover-sub-topic`
--
ALTER TABLE `course-cover-sub-topic`
  ADD CONSTRAINT `course` FOREIGN KEY (`course`) REFERENCES `courses` (`course_name`) ON DELETE CASCADE ON UPDATE CASCADE,
  ADD CONSTRAINT `course-cover-sub-topic_ibfk_1` FOREIGN KEY (`main_topic_title`) REFERENCES `course-cover-main-topic` (`topic_title`) ON DELETE CASCADE ON UPDATE CASCADE;

--
-- Constraints for table `course-overview`
--
ALTER TABLE `course-overview`
  ADD CONSTRAINT `course-overview_ibfk_1` FOREIGN KEY (`course_name`) REFERENCES `courses` (`course_name`) ON DELETE CASCADE ON UPDATE CASCADE;

--
-- Constraints for table `courses`
--
ALTER TABLE `courses`
  ADD CONSTRAINT `courses_ibfk_1` FOREIGN KEY (`course_cat`) REFERENCES `courses_category` (`category_name`) ON DELETE CASCADE ON UPDATE CASCADE;

--
-- Constraints for table `django_admin_log`
--
ALTER TABLE `django_admin_log`
  ADD CONSTRAINT `django_admin_log_content_type_id_c4bce8eb_fk_django_co` FOREIGN KEY (`content_type_id`) REFERENCES `django_content_type` (`id`),
  ADD CONSTRAINT `django_admin_log_user_id_c564eba6_fk_auth_user_id` FOREIGN KEY (`user_id`) REFERENCES `auth_user` (`id`);

--
-- Constraints for table `trending_courses`
--
ALTER TABLE `trending_courses`
  ADD CONSTRAINT `trending_courses_ibfk_1` FOREIGN KEY (`course_name`) REFERENCES `courses` (`course_name`) ON DELETE CASCADE ON UPDATE CASCADE;
COMMIT;

/*!40101 SET CHARACTER_SET_CLIENT=@OLD_CHARACTER_SET_CLIENT */;
/*!40101 SET CHARACTER_SET_RESULTS=@OLD_CHARACTER_SET_RESULTS */;
/*!40101 SET COLLATION_CONNECTION=@OLD_COLLATION_CONNECTION */;
